ticker,sector,mktcap,alphaquant_score,decile,score_raw
IBRX,Health Care,1783.8873600000002,100,10,0.9032756090164185
HTZ,Industrials,1122.4854,100,10,0.6361298561096191
HE,Utilities,1678.0941800000003,100,10,0.619109034538269
CAR,Industrials,2832.55479,100,10,0.46692946553230286
LEG,Cons Disc,1289.232,100,10,0.4614790081977844
OPEN,Real Estate,1144.112,100,10,0.41312316060066223
UNFI,Cons Staples,1636.38789,100,10,0.40003150701522827
SMTC,Tech,4663.6137,100,10,0.39773422479629517
GTLB,Tech,7918.7528,100,10,0.39026129245758057
W,Cons Disc,4415.46864,100,10,0.37539419531822205
BBIO,Health Care,5185.80328,99,10,0.3738958239555359
ARQT,Health Care,1629.79607,99,10,0.36636316776275635
TDOC,Health Care,1564.99803,99,10,0.3637858033180237
WBA,Cons Staples,8066.87661,99,10,0.3612464666366577
OMI,Health Care,1007.81463,99,10,0.35819441080093384
REAL,Cons Disc,1198.9226299999998,99,10,0.3560996949672699
XRX,Tech,1048.47282,99,10,0.3418237268924713
FL,Cons Disc,2064.7846400000003,99,10,0.33768221735954285
PARR,Energy,917.05328,99,10,0.33013957738876343
MBLY,Cons Disc,1982.9961600000001,99,10,0.3116990923881531
KVYO,Tech,3249.87696,99,10,0.30772143602371216
FLG,Financials,3873.02295,99,10,0.30706340074539185
CC,Materials,2525.0459,99,10,0.30167055130004883
RYTM,Health Care,3439.1872799999996,99,10,0.30118319392204285
ACDC,Energy,1242.74072,99,10,0.2955164313316345
COMM,Tech,1124.7295900000001,99,10,0.28810781240463257
AMN,Health Care,910.73008,99,10,0.286837637424469
RDFN,Real Estate,975.72259999999994,99,10,0.28623175621032715
WOOF,Cons Disc,906.26946,98,10,0.28551387786865234
RUN,Industrials,2075.13575,98,10,0.2806335985660553
CUBI,Financials,1526.06932,98,10,0.27805688977241516
LNC,Financials,5401.57653,98,10,0.2763945758342743
INSM,Health Care,12351.46312,98,10,0.2758793532848358
LC,Financials,1819.7883800000002,98,10,0.27467188239097595
ROKU,Telecom,9507.565620000001,98,10,0.2700766623020172
DFH,Cons Disc,796.9975,98,10,0.2633914351463318
DOCS,Health Care,6841.18104,98,10,0.2632559835910797
AHCO,Health Care,1280.9635999999998,98,10,0.26276838779449463
VTLE,Energy,1179.69076,98,10,0.2574104368686676
EYE,Cons Disc,820.575,98,10,0.2571522295475006
ITCI,Health Care,8853.03648,98,10,0.25642743706703186
CYTK,Health Care,5545.49856,98,10,0.25393930077552795
INVA,Health Care,1086.1273500000002,98,10,0.25108519196510315
BOKF,Financials,6825.361100000001,98,10,0.24567686021327972
S,Tech,6550.7537999999995,98,10,0.2411864846944809
PCRX,Health Care,869.42832,98,10,0.24076351523399353
UDMY,Cons Disc,1200.76523,97,10,0.23879268765449524
FRSH,Tech,3767.36745,97,10,0.23854970932006836
SOLV,Health Care,11412.32742,97,10,0.2378554344177246
PLTR,Tech,162023.88848999998,97,10,0.2366311252117157
BCRX,Health Care,1557.53488,97,10,0.2359897792339325
MLNK,Tech,1559.59125,97,10,0.2353721261024475
LQDA,Health Care,995.3311199999999,97,10,0.23414255678653717
ALHC,Health Care,2156.58,97,10,0.23320166766643524
GT,Cons Disc,2564.28,97,10,0.2329392433166504
DK,Energy,1169.1075,97,10,0.2326803356409073
CLOV,Health Care,1298.0394,97,10,0.23099200427532196
ATEC,Health Care,1301.43024,97,10,0.23043787479400635
VSAT,Tech,1092.63294,97,10,0.2301110327243805
AMPL,Tech,997.93505,97,10,0.22921359539031982
CWH,Cons Disc,1267.45608,97,10,0.2284574657678604
EOSE,Industrials,1059.05232,97,10,0.22780625522136688
CNXC,Industrials,2804.71813,97,10,0.22759179770946503
PBF,Energy,3056.51565,97,10,0.2269384264945984
OLPX,Cons Staples,1146.85679,96,10,0.22684544324874878
PTCT,Health Care,3473.6132800000005,96,10,0.22681395709514618
TPC,Industrials,1268.927,96,10,0.22505123913288116
QBTS,Tech,1893.2676000000001,96,10,0.22267402708530426
SNEX,Financials,3128.1821,96,10,0.2219899594783783
AMRC,Industrials,808.72164,96,10,0.22094054520130157
PHR,Health Care,1462.39984,96,10,0.2200155258178711
RARE,Health Care,3883.22928,96,10,0.21944168210029602
IART,Health Care,1750.07952,96,10,0.2188531756401062
FSLY,Tech,1324.432,96,10,0.21605855226516724
TWLO,Tech,16577.74272,96,10,0.21571770310401917
COLB,Financials,5659.43231,96,10,0.2147998958826065
WGS,Health Care,2111.42106,96,10,0.21408997476100922
TH,Cons Disc,956.2647649999999,96,10,0.21360144019126892
MD,Health Care,1126.7456,96,10,0.21326090395450592
ALGT,Industrials,1726.53728,96,10,0.21309413015842438
FWRD,Industrials,933.7665,96,10,0.21297059953212738
FSUN,Financials,1108.06335,96,10,0.21206970512866974
MGPI,Cons Staples,864.28961,96,10,0.21161822974681854
ADV,Telecom,936.60168,95,10,0.21152454614639282
U,Tech,9051.814799999998,95,10,0.21108375489711761
BXC,Industrials,856.20296,95,10,0.2107812762260437
GO,Cons Staples,1516.29296,95,10,0.21072718501091003
ASAN,Tech,2904.9342399999996,95,10,0.20952671766281128
COUR,Cons Disc,1346.4,95,10,0.20914368331432343
PTON,Cons Disc,3160.8666,95,10,0.20705385506153107
OI,Materials,1676.37348,95,10,0.20692649483680725
SXC,Materials,899.7843999999999,95,10,0.20538364350795746
TRIP,Telecom,1868.93672,95,10,0.20504796504974365
Z,Real Estate,12811.90885,95,10,0.20274963974952698
FOXF,Cons Disc,1261.74441,95,10,0.20175349712371826
CNOB,Financials,879.0567,95,10,0.2015799880027771
HGTY,Financials,868.8088,95,10,0.20149235427379608
PL,Industrials,1113.22604,95,10,0.20147380232810974
VRNS,Tech,4997.0865300000005,95,10,0.2008875608444214
CVS,Health Care,56489.935119999995,95,10,0.2008862942457199
NTRA,Health Care,20898.924300000002,95,10,0.20080901682376862
BFH,Financials,3035.5978999999998,94,10,0.2005833238363266
CCB,Financials,1150.02104,94,10,0.20024125277996063
NET,Tech,32919.283520000005,94,10,0.20013238489627838
BZH,Cons Disc,856.83438,94,10,0.19897626340389252
MBIN,Financials,1669.01308,94,10,0.1987505406141281
FOR,Real Estate,1313.3664,94,10,0.19829848408699036
KSS,Cons Disc,1562.90472,94,10,0.19811393320560455
WING,Cons Disc,8302.050692120001,94,10,0.1974852979183197
OLO,Tech,857.69472,94,10,0.197279691696167
ZD,Telecom,2322.54594,94,10,0.1962067037820816
LEN,Cons Disc,32566.11059,94,10,0.19553473591804504
LEVI,Cons Disc,1811.7425,94,10,0.19533689320087433
ZYME,Health Care,1012.54632,94,10,0.19503366947174072
MTCH,Telecom,8213.18661,94,10,0.1941906064748764
QRVO,Tech,6610.27311,94,10,0.19328610599040985
GKOS,Health Care,8267.24178,94,10,0.19318576157093048
PRG,Financials,1755.60718,94,10,0.19288699328899384
SATS,Telecom,3217.2668,94,10,0.192436084151268
MHK,Cons Disc,7519.604729999999,93,10,0.191775843501091
BLMN,Cons Disc,1035.93303,93,10,0.19167834520339966
CABO,Telecom,2035.1144000000002,93,10,0.19150012731552124
UAA,Cons Disc,1563.44616,93,10,0.19046065211296082
GRBK,Cons Disc,2513.69202,93,10,0.19012494385242462
CMA,Financials,8134.1409,93,10,0.19010165333747864
RUM,Telecom,1542.75182,93,10,0.1899862140417099
ARVN,Health Care,1316.9790000000003,93,10,0.18958419561386108
AX,Financials,3987.8761999999997,93,10,0.18915005028247833
SABR,Cons Disc,1408.3671,93,10,0.18890559673309326
PFC,Financials,916.45437,93,10,0.18867094814777374
PLTK,Telecom,2586.62822,93,10,0.1881812959909439
MHO,Cons Disc,3616.9047499999997,93,10,0.18809179961681366
GL,Financials,9361.546400000001,93,10,0.18802191317081451
BMBL,Telecom,880.6014800000002,93,10,0.18796202540397644
PYCR,Industrials,3336.26763,93,10,0.18620456755161285
NOW,Tech,218384.71999999997,93,10,0.18614760041236877
CASH,Financials,1774.7495999999999,93,10,0.18606269359588623
AN,Cons Disc,6733.476640000001,93,10,0.18603035807609558
EWBC,Financials,13275.11304,92,10,0.18556973338127136
LOB,Financials,1787.22495,92,10,0.1855461299419403
FTRE,Health Care,1672.9049999999997,92,10,0.18551261723041534
DASH,Cons Disc,65251.56275,92,10,0.1853545904159546
WK,Tech,5644.1775,92,10,0.18497388064861298
TXG,Health Care,1536.49128,92,10,0.184672549366951
KBH,Cons Disc,4819.51048,92,10,0.1846427321434021
CVI,Energy,1883.95094,92,10,0.1845444291830063
MODG,Cons Disc,1444.8566400000002,92,10,0.18454310297966003
MYGN,Health Care,1248.08985,92,10,0.18429602682590485
JBI,Industrials,1036.90125,92,10,0.18423132598400116
QTWO,Tech,6079.3606500000005,92,10,0.18395335972309113
WEAV,Tech,1158.51432,92,10,0.18379776179790497
JBLU,Industrials,2726.4532200000003,92,10,0.1836126297712326
FG,Financials,5225.335359999999,92,10,0.1834721863269806
QDEL,Health Care,2996.29935,92,10,0.1833162009716034
NATL,Financials,2458.7929599999998,92,10,0.18315225839614868
PATH,Tech,5937.42566,92,10,0.18271292746067047
SMMT,Health Care,13159.759559999999,91,10,0.18175208568572998
BKU,Financials,2853.16933,91,10,0.181509867310524
ZION,Financials,8013.32175,91,10,0.18127048015594482
PUMP,Energy,960.3369,91,10,0.18124955892562866
CHWY,Cons Disc,5434.2213600000005,91,10,0.18118196725845337
OPK,Health Care,1003.25001,91,10,0.18116509914398193
CPRX,Health Care,2489.22751,91,10,0.18047809600830078
OCUL,Health Care,1337.8337,91,10,0.18023954331874847
TMHC,Cons Disc,6333.88838,91,10,0.18016161024570465
MTH,Cons Disc,5565.2079618,91,10,0.179859459400177
SMAR,Tech,7844.31206,91,10,0.17849759757518768
ECVT,Materials,890.1363999999999,91,10,0.17848420143127441
BUSE,Financials,1340.61446,91,10,0.17840756475925446
NVDA,Tech,3288761.8551,91,10,0.17822198569774628
CFG,Financials,19285.07576,91,10,0.17787112295627594
WINA,Cons Disc,1383.6064352,91,10,0.177714005112648
PLAB,Tech,1492.1725999999999,91,10,0.1777031570672989
TNET,Industrials,4500.0135199999995,91,10,0.17740868031978607
PRAA,Financials,823.63003,90,10,0.17731964588165283
BTSG,Health Care,2965.36578,90,10,0.17727354168891907
VAC,Cons Disc,3135.0078,90,10,0.17709390819072723
CLF,Materials,4631.944,90,10,0.17708101868629456
CVLT,Tech,6598.69066,90,10,0.17693641781806946
CTOS,Industrials,1122.80792,90,10,0.17661115527153015
UP,Industrials,1151.5399499999999,90,10,0.1764688342809677
ETWO,Tech,822.0038400000001,90,10,0.17640939354896545
GNW,Financials,2984.95368,90,9,0.1763213723897934
MOH,Health Care,16648.059428,90,9,0.17621946334838867
HRMY,Health Care,1962.4367099999997,90,9,0.17577990889549255
UWMC,Financials,926.95518,90,9,0.17572973668575287
AAL,Industrials,11453.79333,90,9,0.1755998432636261
DAN,Cons Disc,1675.95724,90,9,0.17539095878601074
EMBC,Health Care,1200.4257999999998,90,9,0.17536316812038422
EXAS,Health Care,10399.42044,90,9,0.17500334978103638
NWL,Cons Disc,4143.360000000001,90,9,0.17498403787612915
OSCR,Financials,2845.9871999999996,90,9,0.17473439872264862
BPOP,Financials,6707.04236,89,9,0.17458969354629517
SASR,Financials,1521.53456,89,9,0.17441800236701965
CIVI,Energy,4427.09718,89,9,0.17392776906490326
VCYT,Health Care,3068.6436,89,9,0.17368972301483154
TWST,Health Care,2736.01419,89,9,0.1735825389623642
BLD,Cons Disc,9185.46402,89,9,0.17350216209888458
DHI,Cons Disc,44858.31398829,89,9,0.17318516969680786
NTGR,Tech,801.8199000000001,89,9,0.17305894196033478
PCOR,Tech,11139.393520000001,89,9,0.1729494333267212
EXPI,Real Estate,1769.46683,89,9,0.1728052943944931
PARA,Telecom,6550.80512,89,9,0.1727479100227356
VOYA,Financials,6622.684939999999,89,9,0.1726355105638504
SSTK,Telecom,1058.0313500000002,89,9,0.17253561317920685
YETI,Cons Disc,3266.61075,89,9,0.17244409024715424
UVSP,Financials,857.05893,89,9,0.17236991226673126
CNC,Health Care,30584.7217,89,9,0.172329381108284
SVV,Cons Disc,1639.06725,89,9,0.17230018973350525
CMPO,Tech,1474.20945,89,9,0.1721935123205185
DBX,Tech,6825.088,89,9,0.1720520406961441
YELP,Telecom,2547.1566000000003,88,9,0.17199288308620453
VIAV,Tech,2240.3113,88,9,0.17096741497516632
AAP,Cons Disc,2824.86815,88,9,0.1709500104188919
STBA,Financials,1462.2972,88,9,0.17091840505599976
LGIH,Cons Disc,2102.0622000000003,88,9,0.17073148488998413
INGM,Tech,4553.276140000001,88,9,0.1706259697675705
FTDR,Cons Disc,4145.2980800000005,88,9,0.17031946778297424
COMP,Real Estate,2893.1058,88,9,0.17009414732456207
OZK,Financials,5051.7949100000005,88,9,0.16984649002552032
PEBO,Financials,1126.19922,88,9,0.16970707476139069
EVRI,Cons Disc,1165.19697,88,9,0.16967172920703888
FHN,Financials,10676.97932,88,9,0.16965577006340027
OVV,Energy,10543.122,88,9,0.16939686238765717
OMF,Financials,6221.81976,88,9,0.16936816275119781
MTTR,Tech,1530.5223,88,9,0.16922098398208618
ALLY,Financials,10972.787149999998,88,9,0.16898620128631592
HOPE,Financials,1483.8823099999997,88,9,0.16864660382270813
FIVE,Cons Disc,5773.8496,88,9,0.16863089799880981
RF,Financials,21376.48128,87,9,0.16858971118927002
VLTO,Industrials,25188.319799999997,87,9,0.16834022104740143
META,Telecom,1276412.40731001,87,9,0.16820557415485382
GMS,Industrials,3292.67645,87,9,0.16819928586483002
HUM,Health Care,30549.47601411,87,9,0.1679454892873764
KRO,Materials,1121.601,87,9,0.16792622208595276
AL,Industrials,5369.48517,87,9,0.16780775785446167
PRLB,Industrials,958.0959000000001,87,9,0.16761833429336548
ADPT,Health Care,884.6341900000001,87,9,0.16744959354400635
NVST,Health Care,3319.75113,87,9,0.16734343767166138
IMKTA,Cons Staples,937.2797999999999,87,9,0.16732682287693024
NEO,Health Care,2115.3892800000003,87,9,0.16715699434280396
ELAN,Health Care,5986.61483,87,9,0.1668926477432251
TGTX,Health Care,4685.5165,87,9,0.16688598692417145
TALO,Energy,1747.42131,87,9,0.16687212884426117
PVH,Cons Disc,5883.18975,87,9,0.1667640507221222
TPR,Cons Disc,15224.24188,87,9,0.16673915088176727
PRVA,Health Care,2346.0195500000004,87,9,0.16619941592216492
CDNS,Tech,82405.05823737,86,9,0.16618359088897705
OKTA,Tech,12891.837599999999,86,9,0.16616106033325195
VRSN,Tech,19888.856961,86,9,0.16600632667541504
WSC,Industrials,6180.222000000001,86,9,0.16568249464035034
UHAL,Industrials,1354.71672,86,9,0.16531780362129211
REZI,Industrials,3387.7046,86,9,0.16531550884246826
BCC,Industrials,4564.8183,86,9,0.16507290303707123
OCFC,Financials,1058.1984000000002,86,9,0.16501890122890472
PHM,Cons Disc,22333.4298,86,9,0.1648719310760498
SAH,Cons Disc,1403.8993500000001,86,9,0.16476617753505707
PTVE,Materials,3132.21377,86,9,0.1646062582731247
VLY,Financials,4614.8740800000005,86,9,0.16430681943893433
VRNT,Tech,1709.72325,86,9,0.1642063856124878
AMPH,Health Care,1796.0894900000003,86,9,0.16403226554393768
CNA,Financials,13100.62754,86,9,0.16379249095916748
TLRY,Health Care,1201.37038,86,9,0.16375970840454102
HGV,Cons Disc,3836.1465500000004,86,9,0.1637401133775711
WBS,Financials,9465.260199999999,86,9,0.16364553570747375
OMCL,Health Care,2062.0328400000003,85,9,0.163369283080101
MRC,Industrials,1089.40554,85,9,0.1633179932832718
CFLT,Tech,7216.08456,85,9,0.16328585147857666
BILL,Tech,8767.23087,85,9,0.16327957808971405
INCY,Health Care,13306.335499999997,85,9,0.16325166821479797
FCNCA,Financials,27435.45193968,85,9,0.1632005274295807
LBRT,Energy,3250.3442400000004,85,9,0.16314035654067993
ACHC,Health Care,3682.89025,85,9,0.1630987524986267
CEIX,Energy,3135.7519200000006,85,9,0.16281583905220032
AVGO,Tech,1086402.24,85,9,0.16266261041164398
ACEL,Cons Disc,879.42324,85,9,0.16265226900577545
DOCU,Tech,18167.88,85,9,0.16241849958896637
TCBK,Financials,1442.3185,85,9,0.1623847931623459
HI,Industrials,2161.9872,85,9,0.16236524283885956
MBC,Industrials,1856.9748299999999,85,9,0.16230417788028717
ANDE,Cons Staples,1380.5164000000002,85,9,0.16227634251117706
FRME,Financials,2340.38619,85,9,0.16225436329841614
ABG,Cons Disc,4760.22861,85,9,0.16221407055854797
RES,Energy,1276.93368,85,9,0.16212628781795502
PENN,Cons Disc,3015.8112,84,9,0.16192273795604706
SBH,Cons Disc,1070.8324,84,9,0.16191159188747406
RCUS,Health Care,1362.6136800000002,84,9,0.1618465781211853
COKE,Cons Staples,9772.48236244,84,9,0.1617310643196106
LUMN,Telecom,5388.65172,84,9,0.16170364618301392
HCP,Tech,5529.56756,84,9,0.16159768402576447
TNL,Cons Disc,3451.03225,84,9,0.16153723001480103
IBKR,Financials,19235.65293,84,9,0.16143788397312164
CNO,Financials,3840.40689,84,9,0.16137871146202087
TOL,Cons Disc,12599.66015,84,9,0.1613178551197052
DNOW,Industrials,1377.05646,84,9,0.1613146960735321
WEX,Financials,6974.75595783,84,9,0.16108615696430206
RL,Cons Disc,9289.32266,84,9,0.16106607019901276
MLKN,Industrials,1562.45994,84,9,0.1610289365053177
PGNY,Health Care,1468.88925,84,9,0.16099153459072113
SCS,Industrials,1112.00196,84,9,0.16074855625629425
WCC,Industrials,8867.40241002,84,9,0.1605132669210434
TRMK,Financials,2163.15846,84,9,0.16048182547092438
DDS,Cons Disc,5145.47720082,83,9,0.1602317988872528
TNDM,Health Care,2365.68554,83,9,0.16017921268939972
ULTA,Cons Disc,20254.25470431,83,9,0.1600765585899353
INTC,Tech,86475.65,83,9,0.16006287932395935
MATW,Cons Disc,847.06336,83,9,0.15988585352897644
MAN,Industrials,2709.14592,83,9,0.15983740985393524
CBRL,Cons Disc,1176.61074,83,9,0.15943865478038788
F,Cons Disc,38644.026300000005,83,9,0.1593804657459259
ECPG,Financials,1131.71907,83,9,0.15915563702583313
MAT,Cons Disc,5972.51007,83,9,0.1589423418045044
CHTR,Telecom,48740.52149804,83,9,0.15885503590106964
WSFS,Financials,3129.2507400000004,83,9,0.15883955359458923
CE,Materials,7565.48352,83,9,0.15860199928283691
CARS,Telecom,1121.9268699999998,83,9,0.15860071778297424
MKSI,Tech,7025.342610000001,83,9,0.1584004908800125
ULCC,Industrials,1602.3949200000002,83,9,0.15838398039340973
BKE,Cons Disc,2579.82694,83,9,0.1583043932914734
PII,Cons Disc,3213.4674,83,9,0.1582443118095398
CART,Cons Staples,10640.590900000001,82,9,0.1581735908985138
DLTR,Cons Staples,16114.49808,82,9,0.1580774188041687
AMR,Materials,2604.76192,82,9,0.15800970792770386
ENVA,Financials,2512.6312799999996,82,9,0.15791572630405426
UNM,Financials,13336.154359999999,82,9,0.15769241750240326
CROX,Cons Disc,6383.62746,82,9,0.1576603800058365
HOG,Cons Disc,3836.36251,82,9,0.157480850815773
ADM,Cons Staples,24175.53768,82,9,0.1573730856180191
AXON,Industrials,45319.872362550006,82,9,0.15727713704109192
SEM,Health Care,2440.4529500000003,82,9,0.15697401762008667
BPMC,Health Care,5534.545099999999,82,9,0.15678897500038147
CWEN,Utilities,2153.632,82,9,0.15672795474529266
WT,Financials,1534.092,82,9,0.1566142439842224
ACLS,Tech,2271.1942200000003,82,9,0.15658077597618103
ARW,Tech,5948.980799999999,82,9,0.15647730231285095
UTHR,Health Care,15752.541799999999,82,9,0.15647239983081818
DCOM,Financials,1203.27525,82,9,0.15645889937877655
CAH,Health Care,28622.64097,82,9,0.15639793872833252
CI,Health Care,76809.17220153,81,9,0.1562546044588089
DKS,Cons Disc,13250.75136,81,9,0.15616287291049957
HCSG,Industrials,851.274965,81,9,0.15608984231948853
QCRH,Financials,1360.3161599999999,81,9,0.15600645542144775
TEAM,Tech,39295.16128,81,9,0.15594269335269928
USM,Telecom,3324.16,81,9,0.15583643317222595
CCS,Cons Disc,2298.8823199999997,81,9,0.15580002963542938
NUE,Materials,27405.025229999996,81,9,0.15570655465126038
PAG,Cons Disc,10178.26636,81,9,0.15552714467048645
RGA,Financials,14070.52632,81,9,0.15547329187393188
NTCT,Tech,1553.39022,81,9,0.1553216427564621
MA,Financials,479583.11486768,81,9,0.15519852936267853
PZZA,Cons Disc,1340.60694,81,9,0.15501482784748077
TPH,Cons Disc,3393.5733999999998,81,9,0.15497305989265442
CNM,Industrials,9682.521990000001,81,9,0.154957115650177
EXPE,Cons Disc,22885.60959,81,9,0.15491099655628204
MGM,Cons Disc,10316.691,81,9,0.15480206906795502
MSFT,Tech,3133802.3415,81,9,0.1547785848379135
GH,Health Care,3762.4769,81,9,0.15454216301441193
INDB,Financials,2727.62567,80,9,0.1545080691576004
ATSG,Industrials,1445.4048,80,9,0.15448760986328125
WFC,Financials,233863.44783999998,80,9,0.15438434481620789
WAFD,Financials,2622.82072,80,9,0.15435244143009186
PWP,Financials,1358.3793600000001,80,9,0.15419620275497437
SYF,Financials,25307.36,80,9,0.15418705344200134
VYX,Tech,2020.1971199999998,80,9,0.15411143004894257
LKQ,Cons Disc,9553.53,80,8,0.15404877066612244
WMK,Cons Staples,1821.53256,80,8,0.15398481488227844
VVI,Cons Disc,901.2970199999999,80,8,0.15396511554718018
GOGO,Telecom,1017.55211,80,8,0.15391866862773895
GPOR,Energy,3265.4975999999997,80,8,0.1538822054862976
THR,Industrials,969.11745,80,8,0.15372613072395325
PCAR,Industrials,54537.79001999999,80,8,0.15371090173721313
ARRY,Industrials,917.73572,80,8,0.1536402851343155
GPI,Cons Disc,5613.270773179999,80,8,0.1532539427280426
ANF,Cons Disc,7529.25231,80,8,0.15307047963142395
AMWD,Industrials,1197.2446200000002,80,8,0.1530262529850006
HP,Energy,3162.1351,79,8,0.15300776064395905
MANH,Tech,16504.90738925,79,8,0.15291139483451843
DINO,Energy,6594.727599999999,79,8,0.15280278027057648
IDT,Telecom,1125.036,79,8,0.1527811735868454
TEX,Industrials,3087.496,79,8,0.1527722179889679
CATY,Financials,3389.7843900000003,79,8,0.15272869169712067
AIZ,Financials,10935.41414,79,8,0.15262287855148315
CRC,Energy,4741.34497,79,8,0.15246723592281342
PFGC,Cons Staples,13173.31275,79,8,0.15246091783046722
BASE,Tech,816.1053199999999,79,8,0.15237657725811005
HBAN,Financials,23637.234969999998,79,8,0.1523655652999878
EL,Cons Staples,17503.031280000003,79,8,0.15231719613075256
PINC,Health Care,2037.5108,79,8,0.15223342180252075
SM,Energy,4434.8416799999995,79,8,0.15222379565238953
NGVT,Materials,1481.22175,79,8,0.1522032767534256
BLDR,Industrials,16449.09789915,79,8,0.15193702280521393
ABM,Industrials,3183.54954,79,8,0.1519150733947754
WAL,Financials,9195.16426,79,8,0.1518646478652954
VC,Cons Disc,2450.35768,78,8,0.15170948207378387
CSGP,Real Estate,29349.0364,78,8,0.15169458091259003
ADT,Cons Disc,5889.17879,78,8,0.15169215202331543
PRDO,Cons Disc,1739.50252,78,8,0.15168969333171844
FMBH,Financials,880.43984,78,8,0.1515447497367859
WGO,Cons Disc,1356.80866,78,8,0.15149752795696259
BSIG,Financials,982.9561199999999,78,8,0.15137089788913727
OBK,Financials,1037.61601,78,8,0.15134170651435852
MTDR,Energy,7019.72898,78,8,0.15126992762088776
RMBS,Tech,5633.5545,78,8,0.15123073756694794
HIG,Financials,31714.0754,78,8,0.15116974711418152
BAC,Financials,337223.076,78,8,0.15104681253433228
FITB,Financials,28350.55804,78,8,0.15084543824195862
SKX,Cons Disc,8848.31332,78,8,0.15078860521316528
DAR,Cons Staples,5358.327119999999,78,8,0.1507200300693512
COR,Health Care,43426.1484672,78,8,0.15059909224510193
IPGP,Tech,3144.99456,78,8,0.15056954324245453
EIG,Financials,1266.20068,78,8,0.15050262212753296
ON,Tech,26846.500849999997,78,8,0.1504868119955063
TGNA,Telecom,2946.9213799999998,77,8,0.15047025680541992
GBX,Industrials,1912.5854100000001,77,8,0.15036943554878235
NWBI,Financials,1680.406,77,8,0.15030509233474731
GEHC,Health Care,35718.33114,77,8,0.15002472698688507
PK,Real Estate,2904.11835,77,8,0.14995400607585907
V,Financials,546559.27725399,77,8,0.14989160001277924
ARCH,Materials,2557.2117599999997,77,8,0.14969350397586823
AVPT,Tech,3095.8066100000005,77,8,0.14964689314365387
BTU,Energy,2544.21,77,8,0.1496174931526184
HALO,Health Care,6080.61923,77,8,0.1496117115020752
EFSC,Financials,2094.0191999999997,77,8,0.1496032327413559
NSP,Industrials,2897.55633,77,8,0.14958834648132324
MPC,Energy,44833.7655,77,8,0.1495479941368103
CNK,Telecom,3790.8677000000002,77,8,0.1495329737663269
ATKR,Industrials,2897.7178000000004,77,8,0.1494859755039215
ATLC,Financials,822.14142,77,8,0.14946752786636353
WU,Financials,3580.6906,77,8,0.14945538341999054
VBTX,Financials,1479.7854399999999,77,8,0.1493844985961914
SWIM,Cons Disc,804.75,76,8,0.1493830382823944
OII,Energy,2635.6448,76,8,0.14926381409168243
PNW,Utilities,9638.349,76,8,0.1492311805486679
YEXT,Tech,811.66956,76,8,0.1492290198802948
DRVN,Cons Disc,2648.79996,76,8,0.1491762399673462
PDCO,Health Care,2725.43176,76,8,0.14912743866443634
HUBS,Tech,35970.05551248001,76,8,0.14910830557346344
TBBK,Financials,2522.66116,76,8,0.14898647367954254
FHI,Financials,3363.00355,76,8,0.14890101552009583
APPN,Tech,1407.98216,76,8,0.14871957898139954
THC,Health Care,12004.09431,76,8,0.14854173362255096
NX,Industrials,1145.60664,76,8,0.14853890240192413
CZR,Cons Disc,7101.0816,76,8,0.14845433831214905
BYD,Cons Disc,6411.738060000001,76,8,0.1484350711107254
MNST,Cons Staples,51115.6512,76,8,0.14842873811721802
SLVM,Materials,3240.45216,76,8,0.1484278440475464
RRR,Cons Disc,2757.42992,76,8,0.14826512336730957
AZO,Cons Disc,53735.964,76,8,0.14820700883865356
FULT,Financials,3509.442,75,8,0.14819376170635223
ETSY,Cons Disc,5949.70188,75,8,0.1481543332338333
SLM,Financials,5856.0614,75,8,0.14811433851718903
PFBC,Financials,1139.2658199999998,75,8,0.14806309342384338
FCF,Financials,1722.1683600000001,75,8,0.14802175760269165
LNG,Energy,48209.307550000005,75,8,0.1479763686656952
APP,Telecom,96717.65545332,75,8,0.14794465899467468
LZ,Industrials,1297.89322,75,8,0.14788490533828735
HRB,Cons Disc,7241.51064,75,8,0.14770302176475525
PANW,Tech,119402.15856200001,75,8,0.1476823389530182
STLD,Materials,17366.58715,75,8,0.14764313399791718
OXM,Cons Disc,1236.92478,75,8,0.1475585550069809
GIC,Industrials,947.74649,75,8,0.14753684401512146
DKNG,Cons Disc,18139.7616,75,8,0.1475243866443634
SHLS,Industrials,921.8454700000001,75,8,0.14750446379184723
HEES,Industrials,1792.47456,75,8,0.14742696285247803
RBLX,Telecom,35152.66942,75,8,0.14737091958522797
SKWD,Financials,2026.654,75,8,0.14725860953330994
YUMC,Cons Disc,18293.23188,74,8,0.14723633229732513
VIR,Health Care,1003.42204,74,8,0.147200807929039
ACI,Cons Staples,11378.39472,74,8,0.1471908539533615
USFD,Cons Staples,15714.064939999998,74,8,0.14719060063362122
TTD,Telecom,52847.95215,74,8,0.14716656506061554
EEFT,Financials,4517.96688,74,8,0.1471090018749237
QLYS,Tech,5130.6498,74,8,0.14707741141319275
HPK,Energy,1861.3875,74,8,0.14704099297523499
PD,Tech,1646.2303,74,8,0.14697280526161194
IAC,Telecom,3471.86406,74,8,0.14693884551525116
USB,Financials,74616.33056,74,8,0.14688587188720703
ELV,Health Care,85556.39238077,74,8,0.1468697488307953
VLO,Energy,38810.15515,74,8,0.14681822061538696
BHLB,Financials,1301.46854,74,8,0.14664149284362793
BBY,Cons Disc,18343.6968,74,8,0.1465303748846054
HCC,Materials,2837.40288,74,8,0.14645566046237946
ALSN,Industrials,9360.481380000001,74,8,0.14637582004070282
HCI,Financials,1227.87661,74,8,0.14636912941932678
DXC,Tech,3616.85952,74,8,0.14634616672992706
AEO,Cons Disc,3202.34034,73,8,0.14634254574775696
GOOGL,Telecom,1106079.9,73,8,0.1463320404291153
L,Financials,18443.53413,73,8,0.1462889164686203
FBP,Financials,3046.3433,73,8,0.14588604867458344
TXT,Industrials,14189.81288,73,8,0.14587603509426117
BLND,Tech,1061.6904299999999,73,8,0.1458568572998047
WTTR,Energy,1364.8983600000001,73,8,0.14574643969535828
UCTT,Tech,1619.9070000000002,73,8,0.14573979377746582
BELFB,Tech,860.1621,73,8,0.14572612941265106
LSCC,Tech,7816.05715,73,8,0.1456865817308426
LOPE,Cons Disc,4774.114800000001,73,8,0.14558684825897217
SIRI,Telecom,7733.805600000001,73,8,0.14554744958877563
EME,Industrials,20880.307339979998,73,8,0.14551635086536407
NGVC,Cons Staples,909.8263199999999,73,8,0.14548984169960022
DLX,Industrials,1000.10448,73,8,0.1453806459903717
EPAC,Industrials,2235.296,73,8,0.14531929790973663
CMC,Materials,5655.5904,73,8,0.14530201256275177
AXSM,Health Care,4098.16996,73,8,0.14518138766288757
ACMR,Tech,869.8506,72,8,0.14512726664543152
KAR,Industrials,2119.78496,72,8,0.145052969455719
SNV,Financials,7257.497949999999,72,8,0.1450238674879074
WRB,Financials,22300.157880000002,72,8,0.14499612152576447
TDS,Telecom,3615.66,72,8,0.14497072994709015
HII,Industrials,7394.20713,72,8,0.14494553208351135
WMG,Telecom,4419.329,72,8,0.14478453993797302
FYBR,Telecom,8640.8205,72,8,0.14457765221595764
FFBC,Financials,2566.74432,72,8,0.14440476894378662
MTSI,Tech,9405.484,72,8,0.14431682229042053
WLY,Telecom,1969.5726000000002,72,8,0.14426380395889282
CDNA,Health Care,1148.30394,72,8,0.14423894882202148
VICR,Industrials,1613.6463999999999,72,8,0.1441928893327713
INTA,Tech,4959.66874,72,8,0.14415137469768524
SPHR,Telecom,1166.33664,72,8,0.14411434531211853
SRCE,Financials,1431.2440800000002,72,8,0.1440296173095703
BANR,Financials,2300.82743,72,8,0.14400973916053772
BJ,Cons Staples,11802.598899999999,72,8,0.14391696453094482
LEA,Cons Disc,5146.0927,71,8,0.14382138848304749
WS,Materials,1615.69232,71,8,0.14374059438705444
OFG,Financials,1942.40336,71,8,0.14370760321617126
ISRG,Health Care,185911.19796358,71,8,0.14366517961025238
RJF,Financials,31694.30985,71,8,0.1436571627855301
HESM,Energy,3853.7491299999997,71,8,0.1435631662607193
MCK,Health Care,72344.37159180001,71,8,0.1435529887676239
EBAY,Cons Disc,29674.05,71,8,0.14352698624134064
WAT,Health Care,22027.30907376,71,8,0.1434137374162674
BHE,Tech,1634.2638,71,8,0.1433904618024826
VSTS,Industrials,2006.2698,71,8,0.1433115154504776
AFG,Financials,11492.67099069,71,8,0.14317625761032104
BDC,Tech,4542.34957,71,8,0.1431690901517868
IT,Tech,37369.108980000005,71,8,0.14311838150024414
VTOL,Energy,981.9404,71,8,0.14301413297653198
SKYW,Industrials,4038.0426399999997,71,8,0.142991840839386
LITE,Tech,5767.365,71,8,0.1428368091583252
DVA,Health Care,12263.100000000002,71,8,0.14280278980731964
BCO,Industrials,4048.76111,70,8,0.14272086322307587
MRVL,Tech,95561.34,70,8,0.14271999895572662
COLL,Health Care,923.3895,70,8,0.14268425107002258
UTI,Cons Disc,1389.0341700000001,70,8,0.1426827311515808
BOH,Financials,2831.64752,70,8,0.14260531961917877
GEF,Materials,1579.952,70,8,0.1425057053565979
CPB,Cons Staples,12484.80492,70,8,0.1424199640750885
CENTA,Cons Staples,1760.6065499999997,70,8,0.14237560331821442
UFPI,Industrials,6840.67125,70,7,0.14231833815574646
EA,Telecom,38370.5399,70,7,0.1423095464706421
PSX,Energy,47051.83677,70,7,0.14224211871623993
CBT,Materials,4966.7161399999995,70,7,0.14217229187488556
LLY,Health Care,732871.952,70,7,0.142137348651886
CRGY,Energy,2733.7647599999996,70,7,0.1421017050743103
TTMI,Tech,2523.73275,70,7,0.14196905493736267
DGII,Tech,1105.90409,70,7,0.14192956686019897
TNC,Industrials,1538.71569,70,7,0.141856849193573
BBSI,Industrials,1126.70328,70,7,0.14182870090007782
CWAN,Tech,5424.41216,70,7,0.14176590740680695
PGR,Financials,140366.41332000002,69,7,0.14173567295074463
WTS,Industrials,5566.354,69,7,0.14170406758785248
CMCSA,Telecom,143255.61288,69,7,0.14149019122123718
BECN,Industrials,6286.58304,69,7,0.14146728813648224
HNI,Industrials,2407.88748,69,7,0.14146290719509125
PCTY,Industrials,11119.85409,69,7,0.14141087234020233
CHE,Health Care,7937.99325017,69,7,0.1413714587688446
OLN,Materials,3940.9447999999998,69,7,0.1413125842809677
SCVL,Cons Disc,898.949,69,7,0.14129537343978882
OSBC,Financials,797.48634,69,7,0.14122849702835083
GPK,Materials,8151.8024000000005,69,7,0.14117850363254547
SCSC,Tech,1130.1641000000002,69,7,0.1411203145980835
TAP,Cons Staples,11508.193720000001,69,7,0.14110201597213745
ULS,Industrials,3091.96144,69,7,0.14104285836219788
HSY,Cons Staples,25019.939827410002,69,7,0.14102277159690857
MCO,Financials,85774.644,69,7,0.14101926982402802
CHRD,Energy,7147.319600000001,69,7,0.14088954031467438
PRKS,Cons Disc,3090.67476,69,7,0.14080144464969635
KEYS,Tech,27816.77899,68,7,0.1406909078359604
GDDY,Tech,27708.971670000003,68,7,0.14064626395702362
CRI,Cons Disc,1952.9534099999998,68,7,0.14063246548175812
LULU,Cons Disc,44759.56086,68,7,0.1404174566268921
BOX,Tech,4541.0464,68,7,0.14034612476825714
TCBI,Financials,3613.7783999999997,68,7,0.14034391939640045
VSCO,Cons Disc,3256.5232400000004,68,7,0.14027121663093567
HOLX,Health Care,16360.176690000002,68,7,0.14026476442813873
MTX,Materials,2430.26069,68,7,0.14020796120166779
CTBI,Financials,957.61574,68,7,0.14020265638828278
RAMP,Tech,1982.06768,68,7,0.14013242721557617
CORT,Health Care,5279.61225,68,7,0.1400134116411209
MSI,Tech,77248.34150121,68,7,0.13999389111995697
PRA,Financials,813.8919599999999,68,7,0.1398753672838211
EAT,Cons Disc,5877.37967572,68,7,0.13981378078460693
DG,Cons Staples,16674.78932,68,7,0.13979317247867584
PLNT,Cons Disc,8322.975470000001,68,7,0.13979174196720123
ARDT,Health Care,2437.8796399999997,68,7,0.13971976935863495
HAL,Energy,23886.469380000002,67,7,0.13955806195735931
EXTR,Tech,2211.9399,67,7,0.13955706357955933
GETY,Telecom,887.9220000000001,67,7,0.13951927423477173
UHS,Health Care,10534.645299999998,67,7,0.13947492837905884
AAPL,Tech,3785304.39566,67,7,0.1394740790128708
MAR,Cons Disc,77515.47342,67,7,0.13930153846740723
VIRT,Financials,3066.83872,67,7,0.13912972807884216
SSD,Industrials,6992.05612,67,7,0.13910965621471405
IDCC,Tech,4909.639679999999,67,7,0.13910239934921265
GIII,Cons Disc,1431.59394,67,7,0.1390884965658188
KR,Cons Staples,44248.5069,67,7,0.138950377702713
T,Telecom,163381.33053,67,7,0.1389489471912384
MRCY,Industrials,2504.586,67,7,0.1389029324054718
PEGA,Tech,7992.2728,67,7,0.13887152075767517
AVAH,Health Care,883.03825,67,7,0.13879841566085815
OMC,Telecom,16899.20244,67,7,0.13879181444644928
DFS,Financials,43520.05321,67,7,0.1385721117258072
NTRS,Financials,20317.345,67,7,0.1385103315114975
FHB,Financials,3318.6416999999997,67,7,0.13848474621772766
SNX,Tech,9979.120640000001,66,7,0.1384631097316742
OC,Industrials,14610.73173784,66,7,0.13827429711818695
ATGE,Cons Disc,3406.0573499999996,66,7,0.1382417231798172
GXO,Industrials,5197.5105,66,7,0.13816559314727783
PINS,Telecom,17204.076,66,7,0.1381300687789917
GPC,Cons Disc,16233.84336,66,7,0.13812045753002167
EVTC,Financials,2196.5914199999997,66,7,0.1381072998046875
WHR,Cons Disc,6312.4272,66,7,0.13805919885635376
EQX,Materials,2286.08792,66,7,0.13797445595264435
IPG,Telecom,10437.8703,66,7,0.13795359432697296
PHIN,Cons Disc,2025.93386,66,7,0.1379360556602478
WHD,Energy,3890.0441600000004,66,7,0.13784480094909668
HWC,Financials,4709.2032,66,7,0.13780218362808228
SIGI,Financials,5685.45488,66,7,0.13771145045757294
MCRI,Cons Disc,1450.8921,66,7,0.13768760859966278
NTAP,Tech,23599.76048,66,7,0.13760986924171448
BBWI,Cons Disc,8396.88414,66,7,0.13760468363761902
HTH,Financials,1859.86206,66,7,0.1375981718301773
TARS,Health Care,2114.91252,65,7,0.1375885307788849
TSN,Cons Staples,16437.26016,65,7,0.13756194710731506
SEE,Materials,4928.760359999999,65,7,0.13755731284618378
SEB,Cons Staples,2359.19977261,65,7,0.13754479587078094
MSGE,Telecom,1481.1736,65,7,0.1375439614057541
CON,Health Care,2518.86432,65,7,0.13753266632556915
FIBK,Financials,3394.0891,65,7,0.13749337196350098
TVTX,Health Care,1359.6310000000003,65,7,0.13740047812461853
BLBD,Industrials,1246.51284,65,7,0.13739031553268433
BRBR,Cons Staples,9716.9765,65,7,0.13737891614437103
VMEO,Telecom,1001.2928,65,7,0.1373273730278015
DFIN,Financials,1810.2623399999998,65,7,0.1371682733297348
AGCO,Industrials,6977.814600000001,65,7,0.137129545211792
TGT,Cons Staples,61941.093577880005,65,7,0.13685879111289978
LMB,Industrials,964.29242,65,7,0.13677223026752472
MQ,Financials,1765.77616,65,7,0.136652871966362
FOXA,Telecom,10743.7099,65,7,0.1365603357553482
SOUN,Tech,6686.3776,65,7,0.1365397721529007
CXT,Tech,3328.9031600000003,64,7,0.13645920157432556
REVG,Industrials,1661.44684,64,7,0.13644425570964813
TPB,Cons Staples,1065.0922,64,7,0.13632699847221375
ARCB,Industrials,2183.688,64,7,0.13631390035152435
SGRY,Health Care,2691.0033800000006,64,7,0.1361830234527588
VECO,Tech,1521.6504000000002,64,7,0.13615582883358002
BIIB,Health Care,22283.349479999997,64,7,0.13615424931049347
M,Cons Disc,4700.377479999999,64,7,0.1361391544342041
ALK,Industrials,8219.68875,64,7,0.1361093819141388
HSIC,Health Care,8627.925200000001,64,7,0.13604460656642914
SYY,Cons Staples,37559.13995999999,64,7,0.13604313135147095
SAM,Cons Staples,2824.91175417,64,7,0.13604065775871277
TKR,Industrials,5004.25029,64,7,0.13602206110954285
ACM,Industrials,14149.804479999999,64,7,0.13600271940231323
ANET,Tech,139241.2728,64,7,0.13600142300128937
NSIT,Tech,4831.00051762,64,7,0.13594327867031097
FCX,Materials,54718.218239999995,64,7,0.13594184815883636
ROCK,Industrials,1787.0848999999998,64,7,0.13592477142810822
NVEE,Industrials,1225.89996,63,7,0.1358107179403305
CPAY,Financials,23591.597317109998,63,7,0.13579799234867096
CRBG,Financials,17026.2791,63,7,0.13579139113426208
UAL,Industrials,31933.859599999996,63,7,0.13572557270526886
KHC,Cons Staples,37133.76425,63,7,0.13564349710941315
URBN,Cons Disc,5064.16176,63,7,0.13558776676654816
INGR,Cons Staples,8963.13448,63,7,0.1355525702238083
BC,Cons Disc,4267.7804400000005,63,7,0.13553309440612793
TILE,Industrials,1419.7024000000001,63,7,0.13551993668079376
MUR,Energy,4413.209180000001,63,7,0.13551566004753113
HCA,Health Care,76027.09201703,63,7,0.13551369309425354
HAE,Health Care,3921.48992,63,7,0.13543789088726044
ALRM,Tech,3005.2832,63,7,0.13543514907360077
AIT,Industrials,9206.90309,63,7,0.13542884588241577
AMKR,Tech,6335.950390000001,63,7,0.13541600108146667
AM,Energy,7263.179160000001,63,7,0.13541261851787567
ASO,Cons Disc,3992.40941,63,7,0.13539959490299225
AMAL,Financials,1026.49143,63,7,0.13538891077041626
GEN,Tech,16871.6929,63,7,0.13533686101436615
ROL,Industrials,22447.53675,62,7,0.13533374667167664
BEN,Financials,10631.61507,62,7,0.1353066861629486
HPE,Tech,28082.380900000004,62,7,0.13529308140277863
PAYC,Industrials,11818.980140000001,62,7,0.1352643370628357
AIN,Industrials,2503.061,62,7,0.1351516991853714
PRU,Financials,42196.68,62,7,0.13513533771038055
PJT,Financials,3740.41262,62,7,0.13511617481708527
AZZ,Industrials,2447.52384,62,7,0.13505475223064423
ZM,Tech,21389.981,62,7,0.135016530752182
BIO,Health Care,7530.106449220001,62,7,0.1348472684621811
ZI,Telecom,3608.8081899999997,62,7,0.13473516702651978
VVX,Industrials,1509.5148000000002,62,7,0.13455215096473694
AYI,Industrials,9050.77166,62,7,0.13447123765945435
AMRX,Health Care,2453.96448,62,7,0.13445384800434113
LZB,Cons Disc,1807.32717,62,7,0.13443222641944885
TW,Financials,15216.700679999998,62,7,0.13441455364227295
LMT,Industrials,115184.78790000001,62,7,0.1343001425266266
HLMN,Industrials,1914.79634,62,7,0.13426347076892853
SBSI,Financials,962.58208,61,7,0.13406966626644135
USPH,Health Care,1339.07745,61,7,0.13404090702533722
JEF,Financials,16111.121600000002,61,7,0.13403287529945374
NVR,Cons Disc,25060.1492936,61,7,0.13401159644126892
DIOD,Tech,2857.3561099999997,61,7,0.13400119543075562
STRL,Industrials,5173.60485,61,7,0.13399097323417664
TPX,Cons Disc,9844.388570000001,61,7,0.13373062014579773
RNG,Tech,2803.21569,61,7,0.13361501693725586
WMS,Industrials,8963.1616,61,7,0.13354767858982086
BY,Financials,1287.165,61,7,0.13353735208511353
CMCO,Industrials,1068.4156,61,7,0.13321775197982788
LAD,Cons Disc,9520.86264363,61,7,0.13316604495048523
MSCI,Financials,47023.38449370999,61,7,0.13313028216362
CTKB,Health Care,835.98339,61,7,0.13309942185878754
MMS,Industrials,4501.02175,61,7,0.13302594423294067
COHU,Tech,1244.5938,61,7,0.13298915326595306
MO,Cons Staples,88621.77176999999,61,7,0.1329832673072815
UNH,Health Care,465534.85503716,61,7,0.13293252885341644
OPCH,Health Care,3948.1991999999996,60,7,0.13290201127529144
BMI,Tech,6238.66132,60,7,0.1328538954257965
AI,Tech,4323.20295,60,7,0.1327926069498062
RUSHA,Industrials,3415.17028,60,7,0.13274967670440674
FLO,Cons Staples,4350.95468,60,7,0.13274627923965454
DAL,Industrials,39039.5005,60,7,0.13271498680114746
HSII,Industrials,904.32279,60,7,0.13268926739692688
THRM,Cons Disc,1236.8765,60,7,0.13257914781570435
NAVI,Financials,1426.85427,60,6,0.1325022280216217
SNAP,Telecom,15326.313119999999,60,6,0.1324872076511383
SUPN,Health Care,1996.7190399999997,60,6,0.13242973387241364
VRSK,Industrials,38893.74431789,60,6,0.13235676288604736
CSGS,Industrials,1486.94323,60,6,0.13235096633434296
OSK,Industrials,6185.72955,60,6,0.13234922289848328
OUT,Real Estate,2944.5916399999996,60,6,0.132192462682724
RKT,Financials,1642.1020999999998,60,6,0.13203386962413788
SMG,Materials,3811.4983600000005,60,6,0.13201257586479187
CNNE,Financials,1246.0164,60,6,0.13197581470012665
HURN,Industrials,2204.4966600000002,59,6,0.13192029297351837
FFIV,Tech,14739.914050000001,59,6,0.13191848993301392
KMB,Cons Staples,43699.87106514999,59,6,0.13180968165397644
HSTM,Health Care,967.197,59,6,0.1316964477300644
PR,Energy,10108.492900000001,59,6,0.13169538974761963
IOT,Tech,11770.086,59,6,0.13162249326705933
BMY,Health Care,114713.69112,59,6,0.13155199587345123
JBL,Tech,16072.62158307,59,6,0.13146938383579254
VFC,Cons Disc,8354.78574,59,6,0.13146431744098663
AMED,Health Care,2973.7356600000003,59,6,0.1314166635274887
ORLY,Cons Disc,68457.42268655001,59,6,0.13139912486076355
DORM,Cons Disc,3953.4773500000006,59,6,0.13136270642280579
MTZ,Industrials,10787.052899999999,59,6,0.13131628930568695
FNB,Financials,5314.68108,59,6,0.1313028782606125
HFWA,Financials,836.773,59,6,0.13127104938030243
SHW,Materials,85612.38777146999,59,6,0.13126449286937714
REGN,Health Care,76982.92992144001,59,6,0.13125644624233246
ENPH,Tech,9279.148760000002,59,6,0.13124923408031464
KTB,Cons Disc,4709.592809999999,59,6,0.13123133778572083
CXM,Tech,1166.5056,58,6,0.13117116689682007
BGC,Financials,3354.60996,58,6,0.13112114369869232
MCY,Financials,3681.06408,58,6,0.13104519248008728
GOLF,Cons Disc,4321.87724,58,6,0.13102878630161285
PAR,Tech,2638.28435,58,6,0.13099412620067596
IBTX,Financials,2513.92212,58,6,0.13097308576107025
MIRM,Health Care,1983.4768000000001,58,6,0.13096998631954193
BLFS,Health Care,1204.20652,58,6,0.1309298276901245
BJRI,Cons Disc,801.6752949999999,58,6,0.13090123236179352
AVT,Tech,4548.75312,58,6,0.13085997104644775
BK,Financials,55861.402740000005,58,6,0.13079117238521576
SWK,Industrials,12377.82756,58,6,0.13077384233474731
CHH,Cons Disc,6659.85586,58,6,0.1307554394006729
CTAS,Industrials,73682.7273,58,6,0.13074545562267303
ABBV,Health Care,314020.778,58,6,0.1307416409254074
ALV,Cons Disc,7386.15008,58,6,0.13068656623363495
CSCO,Tech,235779.27360000001,58,6,0.13067518174648285
KRUS,Cons Disc,1001.90538,58,6,0.13059648871421814
VZ,Telecom,168342.94374000002,57,6,0.13059258460998535
NKE,Cons Disc,90092.55066,57,6,0.1305162012577057
PM,Cons Staples,187124.15154999998,57,6,0.13040301203727722
VNT,Tech,5477.794,57,6,0.13036343455314636
AME,Industrials,41695.57776692,57,6,0.13031119108200073
IR,Industrials,36456.46552,57,6,0.13025617599487305
ATMU,Industrials,3255.7012799999998,57,6,0.1302470862865448
LAUR,Cons Disc,2756.0286499999997,57,6,0.13018272817134857
COLM,Cons Disc,4800.29242,57,6,0.13012930750846863
CACI,Industrials,9054.17648,57,6,0.13011281192302704
ZBH,Health Care,21028.186619999997,57,6,0.12991735339164734
DRI,Cons Disc,21936.075,57,6,0.12983538210391998
POR,Utilities,4599.99072,57,6,0.12976104021072388
LQDT,Industrials,992.62689,57,6,0.1297178566455841
GFF,Industrials,3408.27394,57,6,0.12968489527702332
AR,Energy,10906.2982,57,6,0.1296844631433487
MIDD,Industrials,7286.26185,57,6,0.12959453463554382
RGEN,Health Care,8064.52638,57,6,0.1295868158340454
LUV,Industrials,20163.157939999997,56,6,0.12956391274929047
MXL,Tech,1668.68036,56,6,0.1295514702796936
ESAB,Industrials,7250.13312,56,6,0.12953385710716248
NNI,Financials,2737.00625,56,6,0.12952376902103424
LNTH,Health Care,6219.88542,56,6,0.129423588514328
IFF,Materials,21617.913099999998,56,6,0.12931221723556519
THG,Financials,5572.863780000001,56,6,0.1292886883020401
SAIC,Industrials,5535.3456,56,6,0.1292812079191208
PAYX,Industrials,50464.897560000005,56,6,0.12927402555942535
UGI,Utilities,6061.17861,56,6,0.12926024198532104
PSMT,Cons Staples,2826.11654,56,6,0.12919028103351593
NMIH,Financials,2908.89232,56,6,0.12917934358119965
TYL,Tech,24679.61578799,56,6,0.12907643616199493
CALX,Tech,2312.43892,56,6,0.1290431171655655
PEP,Cons Staples,208624.64734,56,6,0.12902270257472992
LDOS,Industrials,19222.35798,56,6,0.12896670401096344
JNPR,Tech,12399.28305,56,6,0.1289602816104889
ALKT,Tech,3686.22996,56,6,0.12895162403583527
LVS,Cons Disc,37237.33536,56,6,0.12893222272396088
HPQ,Tech,30600.34874,55,6,0.1288791298866272
UPS,Industrials,92225.757,55,6,0.12885649502277374
GHC,Cons Disc,2938.3703326,55,6,0.1287856549024582
CRAI,Industrials,1269.216,55,6,0.12872573733329773
ONB,Financials,6923.28726,55,6,0.12863625586032867
PLUS,Tech,1980.20564,55,6,0.12861236929893494
LII,Industrials,21705.09354377,55,6,0.1286093145608902
EVCM,Tech,2020.1588399999998,55,6,0.12856918573379517
WKC,Energy,1597.72578,55,6,0.1285237967967987
ALIT,Industrials,3684.94152,55,6,0.1285126656293869
SFNC,Financials,2785.20914,55,6,0.12849479913711548
COST,Cons Staples,406770.74521884,55,6,0.12849321961402893
LRN,Cons Disc,4530.62049,55,6,0.12844569981098175
RPD,Tech,2542.81761,55,6,0.1284123808145523
GM,Cons Disc,58575.47892,55,6,0.1284017413854599
TXN,Tech,171049.80054782997,55,6,0.12839479744434357
MOS,Materials,7807.714099999999,55,6,0.128378227353096
FDS,Financials,18245.35692,55,6,0.12837763130664825
GIS,Cons Staples,35152.00087,54,6,0.12832480669021606
DXPE,Industrials,1296.7209,54,6,0.1283213198184967
UPWK,Industrials,2185.4554500000004,54,6,0.12822851538658142
AOS,Industrials,8182.4033899999995,54,6,0.1282138228416443
HUBG,Industrials,2708.7132800000004,54,6,0.12820932269096375
BRKL,Financials,1051.3564000000001,54,6,0.12817855179309845
BV,Industrials,1519.05,54,6,0.12817470729351044
CSX,Industrials,62230.081130000006,54,6,0.12815295159816742
BWA,Cons Disc,6952.473,54,6,0.12811289727687836
HWM,Industrials,44432.76557,54,6,0.12807497382164001
KVUE,Cons Staples,40933.43695,54,6,0.12798798084259033
TENB,Tech,4730.916300000001,54,6,0.12797591090202332
PYPL,Financials,85566.70365,54,6,0.1279173046350479
ENOV,Health Care,2451.795,54,6,0.12789449095726013
MMC,Financials,104319.22402,54,6,0.12785911560058594
LECO,Industrials,10578.18222,54,6,0.12785153090953827
UPBD,Cons Disc,1595.599,54,6,0.12775813043117523
STT,Financials,28772.770650000002,54,6,0.1277574598789215
PG,Cons Staples,394822.76774958003,53,6,0.12773071229457855
JXN,Financials,6431.90296,53,6,0.1277247667312622
KFY,Industrials,3479.27335,53,6,0.127720907330513
KOS,Energy,1613.8808999999999,53,6,0.12770181894302368
AVNT,Materials,3733.13304,53,6,0.12765061855316162
OTIS,Industrials,36994.083210000004,53,6,0.12761060893535614
MPWR,Tech,28863.126487800004,53,6,0.12754541635513306
IBP,Cons Disc,4931.8855,53,6,0.12751978635787964
AWI,Industrials,6160.292040000001,53,6,0.12750640511512756
FICO,Tech,48475.1648574,53,6,0.12746647000312805
WEN,Cons Disc,3322.6735,53,6,0.12741991877555847
NBHC,Financials,1636.88284,53,6,0.12737983465194702
MGY,Energy,4466.4216799999995,53,6,0.12732425332069397
MDLZ,Cons Staples,79870.59761999999,53,6,0.1273135393857956
ONTO,Tech,8231.99797,53,6,0.12725941836833954
TRV,Financials,54686.606909999995,53,6,0.1271643042564392
DE,Industrials,115066.33021575001,53,6,0.1270906776189804
XPEL,Cons Disc,1104.26112,53,6,0.1270797848701477
GPN,Financials,28518.7097,52,6,0.12694792449474335
MET,Financials,56695.349599999994,52,6,0.12684860825538635
SXI,Industrials,2259.21330082,52,6,0.126747727394104
SPB,Cons Staples,2370.11348,52,6,0.12674662470817566
RPM,Materials,15838.068120000002,52,6,0.12674035131931305
CME,Financials,83686.17056999999,52,6,0.1267232447862625
H,Cons Disc,6638.6842,52,6,0.12671729922294617
WTFC,Financials,8292.21732,52,6,0.12670712172985077
RBCAA,Financials,1208.47152,52,6,0.1266881227493286
BAX,Health Care,14888.74608,52,6,0.12665583193302155
TDC,Tech,2981.055,52,6,0.12664799392223358
HCKT,Tech,847.6569599999999,52,6,0.12664370238780975
SNA,Industrials,17819.3057249,52,6,0.12663890421390533
RS,Materials,14572.351741200002,52,6,0.1266256868839264
ICFI,Industrials,2236.73723,52,6,0.12659426033496857
X,Materials,7653.56229,52,6,0.12653771042823792
ITW,Industrials,74876.268,52,6,0.12647362053394318
KNF,Materials,5754.1453200000005,52,6,0.12634748220443726
VRTS,Financials,1548.0304400000002,52,6,0.12632893025875092
TRUP,Financials,2040.9808,51,6,0.12630119919776917
GWW,Industrials,51332.237435,51,6,0.12627971172332764
KALU,Materials,1130.50376,51,6,0.1262456327676773
DIS,Telecom,201648.05764999997,51,6,0.1262018233537674
GWRE,Tech,14079.633020000001,51,6,0.126137375831604
FBIN,Industrials,8488.36258,51,6,0.12604117393493652
CL,Cons Staples,74274.47000999999,51,6,0.1260342299938202
ULH,Industrials,1209.04892,51,6,0.12598057091236115
ADP,Industrials,119274.89168457,51,6,0.12591342628002167
ROST,Cons Disc,49958.127660000006,51,6,0.1259058564901352
WMT,Cons Staples,725816.4250999999,51,6,0.12578661739826202
EXP,Materials,8277.07034457,51,6,0.12577636539936066
PFSI,Financials,5235.49212,51,6,0.12575453519821167
WBD,Telecom,25929.95405,51,6,0.12572598457336426
MORN,Financials,14441.616268840002,51,6,0.12564058601856232
STRA,Cons Disc,2295.23598,51,6,0.1254463791847229
ALG,Industrials,2242.0746,51,6,0.1254175901412964
CARR,Industrials,61244.71502,51,6,0.1253654658794403
ABCB,Financials,4321.522190000001,50,6,0.12528008222579956
THO,Cons Disc,5093.686199999999,50,6,0.12524692714214325
PPG,Materials,27712.4,50,6,0.12522053718566895
ACT,Financials,4973.21182,50,6,0.12521253526210785
CAKE,Cons Disc,2421.3376000000003,50,6,0.1251763552427292
SR,Utilities,3920.574,50,6,0.12513448297977448
SRPT,Health Care,11614.276800000001,50,6,0.1251281052827835
TMUS,Telecom,256154.29551,50,6,0.12509524822235107
DVN,Energy,21500.336999999996,50,5,0.1250564008951187
QCOM,Tech,170671.82,50,5,0.125051349401474
RMD,Health Care,33570.77724,50,5,0.12504054605960846
KEY,Financials,16990.590620000003,50,5,0.1250203549861908
AKAM,Tech,14369.21255,50,5,0.12489969283342361
ARMK,Cons Disc,9882.784730000001,50,5,0.12489301711320877
TJX,Cons Disc,135809.52797999998,50,5,0.12484575808048248
CAT,Industrials,175141.25834802003,50,5,0.1248125284910202
DNB,Industrials,5501.4015,50,5,0.12472855299711227
SPGI,Financials,154538.709,50,5,0.12472604960203171
EHC,Health Care,9304.2625,49,5,0.12469791620969772
CACC,Financials,5686.09939888,49,5,0.12468598783016205
APOG,Industrials,1566.9496299999998,49,5,0.12465157359838486
CAG,Cons Staples,13245.63,49,5,0.12464557588100433
IBM,Tech,203264.71035000004,49,5,0.12463507056236267
DCI,Industrials,8043.273749999999,49,5,0.12459128350019455
PFG,Financials,17705.67966,49,5,0.12455397099256516
FNF,Financials,15362.09346,49,5,0.12447639554738998
SF,Financials,10857.606240000001,49,5,0.12443606555461884
ALGM,Tech,4021.8902399999997,49,5,0.124407559633255
SNOW,Tech,50970.741,49,5,0.12440755218267441
SON,Materials,4800.001,49,5,0.12438301742076874
WLFC,Industrials,1370.6602000000003,49,5,0.1243780255317688
AMC,Telecom,1518.25458,49,5,0.12435518205165863
WABC,Financials,1399.94756,49,5,0.12433429062366486
XMTR,Industrials,2000.2420799999998,49,5,0.1243216022849083
GRND,Telecom,3150.75808,49,5,0.12430766224861145
GD,Industrials,72451.57906030999,49,5,0.12430426478385925
CRL,Health Care,9439.706111360001,48,5,0.12425670772790909
ALGN,Health Care,15565.89628347,48,5,0.1242438405752182
ITT,Industrials,11644.72,48,5,0.12424319237470627
HUBB,Industrials,22482.24572671,48,5,0.12423685193061829
AMP,Financials,51653.695479849994,48,5,0.12416599690914154
ENR,Cons Staples,2515.7434500000004,48,5,0.12416427582502365
ADUS,Health Care,2272.9715499999998,48,5,0.12400670349597931
NABL,Tech,1734.9610400000001,48,5,0.1239994615316391
FTV,Industrials,26021.175,48,5,0.12399414926767349
PLXS,Tech,4239.35616,48,5,0.1239461749792099
ES,Utilities,21042.46686,48,5,0.12392689287662506
LPLA,Financials,24449.069548800002,48,5,0.12391071766614914
CRM,Tech,319953.80043,48,5,0.12389931082725525
SLGN,Materials,5558.67975,48,5,0.12389802932739258
NYT,Telecom,8493.206699999999,48,5,0.12389541417360306
EXPD,Industrials,15505.14152,48,5,0.12381821870803833
NHC,Health Care,1660.83396,48,5,0.12380299717187881
PCG,Utilities,44264.95108,48,5,0.12376703321933746
PWR,Industrials,46652.77112388,48,5,0.12363772839307785
TR,Cons Staples,1330.25018,47,5,0.12362774461507797
SCCO,Materials,72030.15443,47,5,0.12361648678779602
NWSA,Telecom,10435.098779999998,47,5,0.12359566986560822
STR,Energy,1519.78484,47,5,0.12358152121305466
JNJ,Health Care,348190.43825999997,47,5,0.12356840074062347
BALL,Materials,16452.22538,47,5,0.12355650216341019
WWD,Industrials,9840.58102,47,5,0.1235065758228302
POST,Cons Staples,6659.39726,47,5,0.12349191308021545
TTWO,Telecom,32329.418160000005,47,5,0.12344939261674881
CHRW,Industrials,12212.9406,47,5,0.12344394624233246
CCCS,Tech,7337.13846,47,5,0.12343542277812958
UTL,Utilities,877.2819099999999,47,5,0.12338528037071228
MUSA,Cons Disc,10159.93575,47,5,0.12338040769100189
JKHY,Financials,12789.712700000002,47,5,0.12336061149835587
NXT,Industrials,5247.1692,47,5,0.12330219894647598
SMPL,Cons Staples,3938.0324599999994,47,5,0.1232515424489975
CASY,Cons Staples,14423.56482402,47,5,0.1232343390583992
ASGN,Tech,3683.628,47,5,0.12321330606937408
EXC,Utilities,37821.951759999996,46,5,0.12307164072990417
YUM,Cons Disc,37440.29951999999,46,5,0.12304968386888504
WRBY,Cons Disc,2461.23702,46,5,0.12302564829587936
AXP,Financials,209072.23859445,46,5,0.12302028387784958
COTY,Cons Staples,6054.4900800000005,46,5,0.12300535291433334
IBOC,Financials,3928.74148,46,5,0.12298583984375
EDR,Telecom,9642.827039999998,46,5,0.12296763062477112
PNC,Financials,76519.60551783,46,5,0.12296050041913986
EQT,Energy,27513.09924,46,5,0.1229117140173912
GILD,Health Care,115117.59042000001,46,5,0.12290352582931519
AMG,Financials,5589.207,46,5,0.12287449091672897
STEL,Financials,1513.97505,46,5,0.12285923957824707
PATK,Cons Disc,2788.82944,46,5,0.12282304465770721
ATI,Industrials,7851.07072,46,5,0.12281904369592667
COP,Energy,128282.54354000001,46,5,0.12273548543453217
CMI,Industrials,47821.64657182,46,5,0.12268707901239395
ACIW,Tech,5444.787989999999,46,5,0.12264659255743027
SFM,Cons Staples,12705.85637,46,5,0.12257889658212662
COF,Financials,68030.8670151,45,5,0.12257253378629684
OXY,Energy,46363.52763,45,5,0.12257196009159088
DECK,Cons Disc,30853.83898,45,5,0.12256835401058197
GAP,Cons Disc,8911.39286,45,5,0.12251950800418854
MLI,Industrials,9026.0096,45,5,0.12245985120534897
NWN,Utilities,1587.62192,45,5,0.12243598699569702
ICUI,Health Care,3799.18228,45,5,0.12242316454648972
NDSN,Industrials,11967.90085197,45,5,0.12240443378686905
MTN,Cons Disc,7017.7531,45,5,0.12239528447389603
BRC,Industrials,3265.9424,45,5,0.12239086627960205
INTU,Tech,176001.9975,45,5,0.12234722077846527
AVA,Utilities,2900.47329,45,5,0.1223357617855072
RDN,Financials,4724.154759999999,45,5,0.12220743298530579
HMN,Financials,1598.9363399999997,45,5,0.12214186787605286
CDRE,Industrials,1311.6383999999998,45,5,0.1220940351486206
KD,Tech,8036.5766,45,5,0.12206000834703445
BSY,Tech,13576.2504,45,5,0.12205081433057785
LCII,Cons Disc,2632.51618,45,5,0.12191837280988693
NTNX,Tech,16386.7571,44,5,0.12191541492938995
LFST,Health Care,2820.0568,44,5,0.1218169778585434
PAYO,Financials,3580.3945199999994,44,5,0.12177414447069168
GRNT,Energy,844.60624,44,5,0.1217721700668335
CCK,Materials,9892.37008,44,5,0.12176868319511414
ALL,Financials,51051.36772197,44,5,0.12175416946411133
A,Health Care,38366.8323,44,5,0.12170963734388351
GRC,Industrials,994.56576,44,5,0.12168993055820465
MWA,Industrials,3521.9475,44,5,0.12168263643980026
PRI,Financials,9057.55715371,44,5,0.12156272679567337
VEEV,Health Care,34134.0875,44,5,0.12154535949230194
CTS,Tech,1588.01668,44,5,0.12153960764408112
ENFN,Tech,972.0316000000001,44,5,0.12147942930459976
UMBF,Financials,5507.34228,44,5,0.12136632949113846
ACA,Industrials,4718.6869799999995,44,5,0.12132607400417328
HUN,Materials,3119.0457600000004,44,5,0.12131758034229279
WH,Cons Disc,7840.35331,44,5,0.12127149850130081
APA,Energy,8542.07623,44,5,0.12126975506544113
CHX,Energy,5179.695,44,5,0.12118784338235855
AMSF,Financials,981.837,43,5,0.12110123038291931
CNXN,Tech,1821.0390299999997,43,5,0.12110000848770142
KNTK,Energy,3388.64934,43,5,0.12107162177562714
SCI,Cons Disc,11572.223779999998,43,5,0.12106559425592422
KMT,Industrials,1866.9785200000001,43,5,0.12106309831142426
MCD,Cons Disc,207740.97896620003,43,5,0.12100044637918472
ENS,Industrials,3680.5626,43,5,0.12097515910863876
EPC,Cons Staples,1634.2032,43,5,0.12091948091983795
SITE,Industrials,5945.594170000001,43,5,0.12085859477519989
XRAY,Health Care,3772.8444,43,5,0.12084148079156876
FDX,Industrials,67758.60942149,43,5,0.12079028785228729
AMTM,Industrials,5116.641060000001,43,5,0.12076273560523987
FOLD,Health Care,2813.66922,43,5,0.12073541432619095
BR,Industrials,26427.43401,43,5,0.12072186172008514
J,Industrials,16571.151540000003,43,5,0.12067811191082001
NEU,Materials,5069.5180581,43,5,0.12060273438692093
HBI,Cons Disc,2869.3174400000003,43,5,0.120599165558815
UVV,Cons Staples,1354.1641200000001,43,5,0.12058188766241074
AIG,Financials,45410.3832,42,5,0.12057653814554214
VVV,Cons Disc,4641.42366,42,5,0.12051152437925339
CTRA,Energy,18808.8053,42,5,0.12050127983093262
CLH,Industrials,12404.315859999999,42,5,0.1204046830534935
IESC,Industrials,4013.57331972,42,5,0.12040061503648758
DOW,Materials,28094.69196,42,5,0.12038922309875488
PTC,Tech,22088.11923,42,5,0.12037929147481918
BF,Cons Staples,11528.373239999999,42,5,0.1203741729259491
CPRT,Industrials,55296.871920000005,42,5,0.12030933797359467
SONO,Cons Disc,1831.3305599999999,42,5,0.1203051209449768
MTB,Financials,31194.805550789995,42,5,0.12028869241476059
WMB,Energy,65972.92943999999,42,5,0.120235875248909
LYV,Telecom,29862.5705,42,5,0.12018178403377533
APH,Tech,83729.82285000001,42,5,0.1201612576842308
FIZZ,Cons Staples,3994.5520500000002,42,5,0.1201455220580101
TTEK,Industrials,10666.801440000001,42,5,0.12002053111791611
BKH,Utilities,4188.45196,42,5,0.11994288116693497
WLK,Materials,14756.1429,42,5,0.11991603672504425
KO,Cons Staples,268203.44122,41,5,0.1198858767747879
EMN,Materials,10585.175159999999,41,5,0.11988471448421478
BANC,Financials,2447.7818,41,5,0.11973746120929718
CVCO,Cons Disc,3617.58669107,41,5,0.11955121904611588
MOG,Industrials,5750.48376,41,5,0.11948756128549576
PRGS,Tech,2795.2607500000004,41,5,0.11948662996292114
APG,Industrials,9883.69272,41,5,0.11940863728523254
GYRE,Health Care,1038.4461999999999,41,5,0.11933378130197525
FTNT,Tech,72414.47944,41,5,0.1192719116806984
TREX,Industrials,7396.150320000001,41,5,0.11926797032356262
TSLA,Cons Disc,1296350.6304,41,5,0.11921852827072144
REYN,Cons Staples,5671.84054,41,5,0.11917730420827866
TRGP,Energy,38924.2455,41,5,0.11915642023086548
EXE,Energy,22999.53425,41,5,0.11915323883295059
PPC,Cons Staples,10763.01297,41,5,0.11914920061826706
HWKN,Materials,2565.1523700000002,41,5,0.11913937330245972
EVR,Financials,10552.346109999999,41,5,0.11907446384429932
AMAT,Tech,133031.34,41,5,0.11903798580169678
MKC,Cons Staples,19227.041839999998,41,5,0.11902578920125961
MATX,Industrials,4478.0364,40,5,0.11900672316551208
IPAR,Cons Staples,4212.2649797,40,5,0.11899790912866592
EXLS,Industrials,7139.94316,40,5,0.11895962804555893
NXST,Telecom,4900.54534,40,5,0.1189262866973877
LYFT,Industrials,5241.089400000001,40,5,0.11889789998531342
TOWN,Financials,2559.7111800000002,40,5,0.11882802098989487
HLT,Cons Disc,60252.6648,40,5,0.11871998757123947
VTRS,Health Care,14860.23285,40,5,0.11871234327554703
MCW,Cons Disc,2349.2025,40,4,0.1187020093202591
MELI,Cons Disc,86207.20363818,40,4,0.11869315803050995
ADBE,Tech,195748.13159799998,40,4,0.11865879595279694
OGN,Health Care,3842.48188,40,4,0.11852265894412994
AEIS,Tech,4356.12899,40,4,0.11847639083862305
GTX,Cons Disc,1928.4648599999998,40,4,0.11840418726205826
CBRE,Real Estate,40177.100159819995,40,4,0.118342325091362
TTC,Industrials,8104.8384,40,4,0.11822385340929031
VSH,Tech,2096.1725400000005,40,4,0.11813746392726898
CW,Industrials,13466.60676,40,4,0.11810576915740967
HTLD,Industrials,880.73634,39,4,0.11807999759912491
EOG,Energy,68945.121,39,4,0.11800111830234528
CHD,Cons Staples,25653.740579999998,39,4,0.11799386888742447
OTTR,Utilities,3088.5795200000002,39,4,0.11793144047260284
OGS,Utilities,3923.35875,39,4,0.11791909486055374
LOW,Cons Disc,139355.62,39,4,0.11787206679582596
ZWS,Industrials,6330.332199999999,39,4,0.11785888671875
TRS,Materials,997.66548,39,4,0.11782500892877579
GBTG,Cons Disc,4366.258559999999,39,4,0.1177680492401123
CNX,Energy,5473.76757,39,4,0.1177552118897438
LNW,Cons Disc,7628.04504,39,4,0.11771656572818756
FND,Cons Disc,10690.9307,39,4,0.11771605908870697
ZBRA,Tech,19921.227600000002,39,4,0.11766476184129715
XOM,Energy,472780.36915,39,4,0.1176593229174614
COO,Health Care,18349.228,39,4,0.11763274669647217
FLR,Industrials,8459.169119999999,39,4,0.11761606484651566
DOV,Industrials,25737.22057192,39,4,0.11758338660001755
KNX,Industrials,8586.80472,39,4,0.11756665259599686
FBMS,Financials,1091.965,38,4,0.11751309782266617
FANG,Energy,47836.557870000004,38,4,0.11750829964876175
SANM,Tech,4080.73176,38,4,0.11750546842813492
UNP,Industrials,138250.84021743,38,4,0.1174909844994545
VMI,Industrials,6144.13365035,38,4,0.11747428774833679
BSX,Health Care,131642.22764,38,4,0.11742756515741348
KWR,Materials,2503.8387021199997,38,4,0.11741364747285843
PBH,Health Care,3858.03645,38,4,0.11731962859630585
BERY,Materials,7449.984,38,4,0.1172574982047081
CVX,Energy,260290.66044,38,4,0.11724140495061874
STC,Financials,1870.9577799999997,38,4,0.11721862852573395
MGNI,Telecom,2239.7848,38,4,0.11718975752592087
WSM,Cons Disc,22795.656769,38,4,0.11716227978467941
LGND,Health Care,2010.134,38,4,0.11714702099561691
LNN,Industrials,1284.37336,38,4,0.11702406406402588
GDEN,Cons Disc,866.7564,38,4,0.1168379932641983
DY,Industrials,5078.37456,38,4,0.11680705845355988
JWN,Cons Disc,3985.88505,38,4,0.11678346991539001
RGLD,Materials,8670.06110757,37,4,0.11677765846252441
PRTH,Financials,906.7005,37,4,0.1167629063129425
GE,Industrials,180515.80543706,37,4,0.1166781336069107
BANF,Financials,3882.0562200000004,37,4,0.11665554344654083
FNA,Health Care,864.8276,37,4,0.11658374965190887
PKG,Materials,20217.799649999997,37,4,0.11656699329614639
AVY,Materials,15035.146980000001,37,4,0.11655248701572418
RTX,Industrials,154025.17152,37,4,0.1165487989783287
BKNG,Cons Disc,164439.79409224002,37,4,0.11647120863199234
LFUS,Tech,5847.65450185,37,4,0.11636687070131302
ENSG,Health Care,7612.346560000001,37,4,0.11636614799499512
UTZ,Cons Staples,1292.54508,37,4,0.11635567992925644
RSI,Cons Disc,1215.68804,37,4,0.1163431853055954
MSM,Industrials,4173.82658,37,4,0.11627093702554703
LHX,Industrials,39883.38704,37,4,0.1161973625421524
UNF,Industrials,2571.4827,37,4,0.11617869138717651
MS,Financials,202539.44592,37,4,0.1161690503358841
SWI,Tech,2430.651,37,4,0.1161583885550499
PH,Industrials,81869.78546160001,37,4,0.1160961240530014
HAYW,Industrials,3293.84825,36,4,0.11609386652708054
BAH,Industrials,16444.3851,36,4,0.11602802574634552
SHOO,Cons Disc,3069.5613200000003,36,4,0.11588835716247559
CSWI,Industrials,5932.68463184,36,4,0.11579069495201111
KBR,Industrials,7718.709059999999,36,4,0.11556999385356903
HTLF,Financials,2629.0649249999997,36,4,0.1155524030327797
CBZ,Industrials,4106.88404,36,4,0.11552564799785614
ALE,Utilities,3746.6711999999998,36,4,0.1155233159661293
MTRN,Materials,2051.8588799999998,36,4,0.11545240879058838
APAM,Financials,3016.47045,36,4,0.11542314291000366
CMG,Cons Disc,82164.35789999999,36,4,0.11540023237466812
ROP,Tech,55742.993505419996,36,4,0.11533379554748535
AVTR,Health Care,14340.53698,36,4,0.11526966840028763
DGX,Health Care,16838.238900000004,36,4,0.11525683104991913
ESE,Industrials,3435.8857879300003,36,4,0.11522755026817322
FAST,Industrials,41196.23226,36,4,0.11507132649421692
JBHT,Industrials,17207.647800000002,36,4,0.11507049947977066
IQV,Health Care,35666.56318499999,36,4,0.11505664139986038
LKFN,Financials,1753.79256,35,4,0.1150207445025444
CLX,Cons Staples,20103.27221,35,4,0.11501201242208481
EW,Health Care,43662.894,35,4,0.11498009413480759
SSNC,Industrials,18769.5693,35,4,0.11495839059352875
MSGS,Telecom,4392.861005350001,35,4,0.11489648371934891
LH,Health Care,19180.09631639,35,4,0.11482727527618408
BURL,Cons Disc,18095.89386,35,4,0.1147625669836998
KFRC,Industrials,1081.836,35,4,0.11465847492218018
GABC,Financials,1193.64916,35,4,0.11462899297475815
EFX,Industrials,31589.168439520003,35,4,0.1146218553185463
MKL,Financials,22202.77000276,35,4,0.11460919678211212
LW,Cons Staples,9532.69803,35,4,0.11459451168775558
AORT,Health Care,1198.4928,35,4,0.11445455998182297
RRC,Energy,8682.333799999999,35,4,0.11436475068330765
CSL,Industrials,16718.41068,35,4,0.11434865742921829
VRT,Industrials,42641.92296,35,4,0.1143278032541275
PNTG,Health Care,910.90896,35,4,0.11428612470626831
OLLI,Cons Disc,6723.92521,35,4,0.11422856897115707
WOR,Industrials,2015.9286,34,4,0.11420419067144394
PRIM,Industrials,4103.6732,34,4,0.11419697850942612
ALTR,Tech,6534.48879,34,4,0.11418309807777405
K,Cons Staples,27910.19706,34,4,0.11410800367593765
PEN,Health Care,9114.24492,34,4,0.11405786871910095
KMX,Cons Disc,12666.58624,34,4,0.11399044096469879
CARG,Telecom,3213.72954,34,4,0.1139870285987854
JJSF,Cons Staples,3021.62214,34,4,0.11395946145057678
SMR,Industrials,2143.58529,34,4,0.11388161033391953
BKV,Energy,2011.788,34,4,0.11387123912572861
NFLX,Telecom,381001.86883458,34,4,0.11382915824651718
LRCX,Tech,92937.25755000001,34,4,0.11382109671831131
CTSH,Tech,38128.865600000005,34,4,0.11381428688764572
MMSI,Health Care,5636.74488,34,4,0.11380472779273987
FBK,Financials,2403.55962,34,4,0.11378085613250732
BRO,Financials,29173.43516,34,4,0.11375725269317627
KLC,Cons Disc,2099.7948,34,4,0.11372644454240799
WDFC,Cons Staples,3289.28458446,34,4,0.11371959745883942
MMI,Real Estate,1485.40624,33,4,0.11367727071046829
KDP,Cons Staples,43569.30248,33,4,0.11365444958209991
TRN,Industrials,2883.9213000000004,33,4,0.11365281790494919
CINF,Financials,22462.4655,33,4,0.11364193260669708
DELL,Tech,41179.51587999999,33,4,0.11362960934638977
LMAT,Health Care,2071.67576,33,4,0.1135815754532814
HRL,Cons Staples,17222.53781,33,4,0.11354124546051025
JLL,Real Estate,12010.227299999999,33,4,0.11350923031568527
NMRK,Real Estate,1918.8099000000002,33,4,0.11348873376846313
KEX,Industrials,6072.92,33,4,0.11338502913713455
FI,Financials,116867.34098,33,4,0.11328481882810593
NPO,Industrials,3620.0704,33,4,0.11317849159240723
ASH,Materials,3371.4827999999998,33,4,0.11317586153745651
NOC,Industrials,68373.20800695001,33,4,0.11315818876028061
POOL,Cons Disc,12974.81264,33,4,0.11312469094991684
BKD,Health Care,1002.04139,33,4,0.1131230890750885
NOV,Energy,5680.626399999999,33,4,0.1130470409989357
FBNC,Financials,1817.80774,33,4,0.11299067735671997
NTLA,Health Care,1186.94136,33,4,0.11297021061182022
APPF,Tech,5694.2976,32,4,0.11291569471359253
AESI,Energy,2444.61306,32,4,0.11287345737218857
GSHD,Financials,2615.41746,32,4,0.11284384876489639
KMPR,Financials,4255.1498,32,4,0.11275803297758102
NFG,Utilities,5511.139639999999,32,4,0.1126842349767685
CIEN,Tech,12052.857960000001,32,4,0.11266352236270905
SEIC,Financials,10632.41432,32,4,0.11265252530574799
KNSL,Financials,10831.94744,32,4,0.11264139413833618
BCPC,Materials,5298.64146,32,4,0.11258748918771744
NIC,Financials,1595.8909199999998,32,4,0.11251427978277206
ATR,Materials,10453.905965429998,32,4,0.11243318021297455
VRTX,Health Care,103706.93087529001,32,4,0.1124214231967926
IP,Materials,18697.49856,32,4,0.1124034896492958
IEX,Industrials,15848.06591277,32,4,0.11237785965204239
WWW,Cons Disc,1777.4874,32,4,0.11220499873161316
FLS,Industrials,7556.747520000001,32,4,0.11216939240694046
FUL,Materials,3686.2299600000006,32,4,0.11215708404779434
AVBP,Health Care,897.6880800000001,32,4,0.11211515218019485
AMGN,Health Care,140102.60649533,31,4,0.11195845901966095
ADEA,Tech,1527.5247,31,4,0.11187535524368286
ERII,Industrials,851.0418,31,4,0.11177998781204224
GGG,Industrials,14232.366500000002,31,4,0.11171987652778625
ORCL,Tech,466084.74783999997,31,4,0.11171640455722809
JAMF,Tech,1804.65225,31,4,0.1116749495267868
MRTN,Industrials,1271.40328,31,4,0.11165149509906769
SWKS,Tech,14181.794280000002,31,4,0.11161663383245468
BHF,Financials,2851.36616,31,4,0.11158420145511627
R,Industrials,6633.6094,31,4,0.11157494783401489
OKE,Energy,58658.80040000001,31,4,0.11155515164136887
TECH,Health Care,11444.99076,31,4,0.1115024983882904
SWX,Utilities,5073.018239999999,31,4,0.11143575608730316
TSCO,Cons Disc,35331.3275,31,4,0.11127731949090958
MYRG,Industrials,2398.46994,31,4,0.11120529472827911
ZTS,Health Care,73508.30893835,31,4,0.1111287847161293
TRU,Industrials,18069.179,31,4,0.11112333834171295
VMC,Materials,33970.05235060999,31,4,0.11112070083618164
HLIO,Industrials,1483.92288,30,4,0.1110842302441597
CERT,Health Care,1714.5221999999999,30,4,0.1110316589474678
HES,Energy,40982.772098819994,30,4,0.11102303862571716
SPSC,Tech,6912.136695680001,30,4,0.11098118126392365
VCTR,Financials,4257.125639999999,30,4,0.11097048968076706
HD,Cons Disc,386408.26343636995,30,4,0.11095348745584488
MMM,Industrials,70297.12131,30,4,0.11090514063835144
FIGS,Cons Disc,999.8521300000001,30,4,0.11073940992355347
ASTH,Health Care,1506.5349300000003,30,4,0.11054959148168564
BLKB,Tech,3749.07456,30,3,0.11041300743818283
WSO,Industrials,16505.5890483,30,3,0.11036678403615952
WAB,Industrials,32588.6251,30,3,0.11028449982404709
FAF,Financials,6431.569759999999,30,3,0.11025656759738922
ATRC,Health Care,1489.89168,30,3,0.11019483208656311
FE,Utilities,22925.89026,30,3,0.11016204953193665
BDX,Health Care,65794.11496,30,3,0.11015971750020981
TFX,Health Care,8266.10312,30,3,0.11015886813402176
WERN,Industrials,2220.1433600000005,30,3,0.110084168612957
ABNB,Cons Disc,56884.36657,30,3,0.11007819324731827
PSN,Industrials,9796.0275,29,3,0.11007048189640045
JBT,Industrials,4047.2452999999996,29,3,0.11006477475166321
MKTX,Financials,8522.611782959999,29,3,0.11001938581466675
DDOG,Tech,44755.14846,29,3,0.10997017472982407
BRKR,Health Care,8886.67476,29,3,0.10994429886341095
HXL,Industrials,5078.825400000001,29,3,0.10990346968173981
DVAX,Health Care,1677.2756499999998,29,3,0.10988912731409073
TXRH,Cons Disc,12037.20635286,29,3,0.10982263833284378
BATRK,Telecom,1945.25318,29,3,0.1098032295703888
CBU,Financials,3241.9008,29,3,0.10978590697050095
CDW,Tech,23193.26522736,29,3,0.10967818647623062
VNOM,Energy,5053.081389999999,29,3,0.10965365916490555
IOSP,Materials,2745.11652,29,3,0.10961746424436569
CLB,Energy,812.7044999999999,29,3,0.10959090292453766
HLIT,Tech,1541.66544,29,3,0.10948260128498077
WM,Industrials,80991.64112634001,29,3,0.10934440046548843
ESI,Materials,6158.2050899999995,29,3,0.10934291779994965
LAZ,Financials,5805.193679999999,29,3,0.10933104902505875
AZEK,Industrials,6788.96952,28,3,0.10931549966335297
MCHP,Tech,30797.5235,28,3,0.10928431153297424
MAS,Industrials,15656.904929999997,28,3,0.10926568508148193
SCHW,Financials,131712.78462,28,3,0.10922298580408096
TFC,Financials,57587.860980000005,28,3,0.10910466313362122
GATO,Materials,971.1906,28,3,0.10902933776378632
RDDT,Telecom,19569.4884,28,3,0.10902296751737595
ERIE,Financials,19040.49193189,28,3,0.10896327346563339
LANC,Cons Staples,4772.777239999999,28,3,0.10892434418201447
FWRG,Cons Disc,1127.2077,28,3,0.1089094877243042
ARLO,Tech,1122.81579,28,3,0.10890179872512817
SYK,Health Care,137256.81698784,28,3,0.10884500294923782
FELE,Industrials,4452.19815,28,3,0.10870590806007385
EEX,Telecom,978.38288,28,3,0.10868934541940689
LSTR,Industrials,6071.98566,28,3,0.10868380218744278
CRVL,Health Care,5716.31628,28,3,0.10848738253116608
URI,Industrials,46226.76168000001,28,3,0.10839945077896118
QNST,Telecom,1297.98741,28,3,0.10834755748510361
ROG,Tech,1896.14421,27,3,0.10825148224830627
BRZE,Tech,3663.1598400000003,27,3,0.10818778723478317
UCB,Financials,3854.1629700000003,27,3,0.10809677094221115
MLM,Materials,31567.447,27,3,0.10801474750041962
DCO,Industrials,940.8311399999999,27,3,0.10797763615846634
ILMN,Health Care,21193.718,27,3,0.10790926218032837
PSTG,Tech,20040.73891,27,3,0.10786528885364532
PLAY,Cons Disc,1123.90257,27,3,0.10774334520101547
ACVA,Industrials,3418.7616000000003,27,3,0.10773172974586487
FCN,Industrials,6869.97672,27,3,0.10772601515054703
GEAR,Cons Disc,1123.57044,27,3,0.10768797248601913
RHI,Industrials,7275.065459999999,27,3,0.10765456408262253
DHR,Health Care,165798.22625,27,3,0.10751708596944809
RVTY,Health Care,13583.160220000002,27,3,0.10737024247646332
FSS,Industrials,5645.58334,27,3,0.10736726224422455
TGI,Industrials,1443.351,27,3,0.10731885582208633
OGE,Utilities,8289.105,27,3,0.10725605487823486
ECL,Materials,66350.52267162,27,3,0.10722190886735916
HOMB,Financials,5625.9834,26,3,0.10684856027364731
KN,Tech,1755.21517,26,3,0.10679414123296738
CF,Materials,14847.3864,26,3,0.10679258406162262
SBUX,Cons Disc,103459.25,26,3,0.10673218220472336
ROK,Industrials,32266.54949903,26,3,0.10673120617866516
PTEN,Energy,3221.03656,26,3,0.10671854019165039
FA,Industrials,2726.3200699999998,26,3,0.10667122155427933
MTD,Health Care,25823.320095149997,26,3,0.1066681519150734
RXO,Industrials,3833.2336,26,3,0.10665331780910492
OSIS,Tech,2797.9225628900003,26,3,0.10663076490163803
BL,Tech,3796.64936,26,3,0.106496162712574
PODD,Health Care,18312.75585145,26,3,0.10636211931705475
AA,Materials,9760.6519,26,3,0.10636115074157715
MCBS,Financials,809.3574,26,3,0.10624326765537262
PLMR,Financials,2794.5449399999998,26,3,0.10623564571142197
TMO,Health Care,198987.96735,26,3,0.10619201511144638
BX,Financials,124487.75725999998,26,3,0.10600536316633224
AROC,Energy,4359.583060000001,26,3,0.10592775046825409
HON,Industrials,146884.29482999997,26,3,0.10587886720895767
EVRG,Utilities,14155.022799999999,25,3,0.10578954964876175
STEP,Financials,4206.77628,25,3,0.10573501884937286
RVLV,Cons Disc,1282.26512,25,3,0.10571017861366272
AZPN,Tech,15789.0975,25,3,0.10563816130161285
RLI,Financials,7552.67543,25,3,0.10562216490507126
AVO,Cons Staples,1019.04855,25,3,0.1055770069360733
PPL,Utilities,23954.5062,25,3,0.1054694727063179
DD,Industrials,31869.06875,25,3,0.10546895861625671
ZS,Tech,27677.60015,25,3,0.10542665421962738
DTE,Utilities,25007.44575,25,3,0.10538897663354874
NRG,Utilities,18275.50452,25,3,0.10538002848625183
SAFT,Financials,1222.6512000000002,25,3,0.1053539589047432
KLG,Cons Staples,1549.3887499999998,25,3,0.10532660782337189
HLX,Energy,1417.6092800000001,25,3,0.10520629584789276
AFL,Financials,57463.81632,25,3,0.10513482242822647
NBTB,Financials,2253.2212799999998,25,3,0.10498002171516418
THS,Cons Staples,1798.6560000000002,25,3,0.10494605451822281
PEG,Utilities,42095.03025,25,3,0.10482831299304962
WSBC,Financials,2176.0148799999997,24,3,0.10477928072214127
RH,Cons Disc,7321.954769999999,24,3,0.10475859045982361
NSC,Industrials,53098.528,24,3,0.10475244373083115
WD,Financials,3282.49007,24,3,0.10473612695932388
BOW,Financials,1160.0476800000001,24,3,0.10459470003843307
RNST,Financials,2272.4845,24,3,0.10449880361557007
DT,Tech,16222.6054,24,3,0.10440456122159958
TFIN,Financials,2125.4105600000003,24,3,0.10422798991203308
WST,Health Care,23722.550320000002,24,3,0.10420477390289307
GNRC,Industrials,9225.009850000002,24,3,0.10420180857181549
BFAM,Cons Disc,6449.58555,24,3,0.10418885946273804
TPG,Financials,6123.758,24,3,0.10416196286678314
ECG,Industrials,3351.409,24,3,0.10408899933099747
CRUS,Tech,5291.6812,24,3,0.10407906025648117
EIX,Utilities,30910.056,24,3,0.10405535250902176
ODFL,Industrials,37661.04506502,24,3,0.10405369848012924
SNPS,Tech,74799.79877888,24,3,0.10400141775608063
ANSS,Tech,29499.507625500002,24,3,0.10399265587329865
SFBS,Financials,4622.73648,23,3,0.10396003723144531
EQH,Financials,14780.106290000002,23,3,0.10380428284406662
SXT,Materials,3018.6448600000003,23,3,0.103791244328022
MDU,Utilities,3674.0617599999996,23,3,0.10345537960529327
B,Industrials,2409.22028,23,3,0.10345426946878433
TDY,Tech,21629.386260000003,23,3,0.10333254933357239
NSSC,Tech,1304.48304,23,3,0.10329283028841019
ICE,Financials,85557.96001823999,23,3,0.10328787565231323
FWONK,Telecom,20597.113419999998,23,3,0.10326593369245529
PNFP,Financials,8836.055550000001,23,3,0.10324855148792267
SJW,Utilities,1636.7618799999998,23,3,0.10316070914268494
UBSI,Financials,5077.511,23,3,0.10304147750139236
AGYS,Tech,3681.42648951,23,3,0.10300169140100479
KLAC,Tech,84284.8512,23,3,0.10298673063516617
KMI,Energy,60872.936,23,3,0.10289165377616882
CECO,Industrials,1057.41517,23,3,0.10287705063819885
RSG,Industrials,62999.916228480004,23,3,0.10287420451641083
SYBT,Financials,2106.2649300000003,23,3,0.10286198556423187
SSB,Financials,7589.627640000001,22,3,0.10262172669172287
RYAN,Financials,8031.035519999999,22,3,0.10257703065872192
PI,Tech,4109.25985711,22,3,0.10251220315694809
TROW,Financials,25123.961310000002,22,3,0.10249490290880203
MASI,Health Care,8850.3273,22,3,0.10245339572429657
XNCR,Health Care,1607.74974,22,3,0.10244050621986389
BFC,Financials,992.0890800000001,22,3,0.10237954556941986
LBRDK,Telecom,9164.75364,22,3,0.10235343873500824
VRRM,Industrials,3984.9607199999996,22,3,0.10228906571865082
GS,Financials,179751.14419999998,22,3,0.10228410363197327
FCFS,Financials,4636.3072,22,3,0.10227695107460022
AVDX,Financials,2127.20684,22,3,0.10226995497941971
CHDN,Cons Disc,9814.78864503,22,3,0.10205509513616562
DNUT,Cons Disc,1688.1,22,3,0.10203978419303894
INVX,Energy,939.41265,22,3,0.10203903913497925
MTG,Financials,6007.28415,22,3,0.1020323783159256
WYNN,Cons Disc,9461.6604,22,3,0.10200762003660202
HEI,Industrials,13072.372189860002,22,3,0.10193082690238953
SCL,Materials,1455.4265,22,3,0.10184484720230103
ORI,Financials,9176.22783,21,3,0.1018199622631073
SNDR,Industrials,2698.3276800000003,21,3,0.10169515758752823
NWE,Utilities,3277.84644,21,3,0.10162556171417236
EMR,Industrials,70581.97683,21,3,0.10152551531791687
ATEN,Tech,1357.9016,21,3,0.10150707513093948
EPAM,Tech,13262.50478721,21,3,0.10149411112070084
INFN,Tech,1555.78914,21,3,0.10135971009731293
PFE,Health Care,150345.2447,21,3,0.10131549835205078
CTRI,Industrials,1709.2825799999998,21,3,0.10119755566120148
NI,Utilities,17158.796039999997,21,3,0.1011785939335823
POWI,Tech,3508.5705,21,3,0.10107726603746414
KAI,Industrials,4051.9074325499996,21,3,0.1010240837931633
AFRM,Financials,16559.8062,21,3,0.10099820047616959
SYNA,Tech,3056.53968,21,3,0.10099104046821594
ADSK,Tech,63697.99728509001,21,3,0.10086128860712051
DRS,Industrials,8542.66707,21,3,0.10079788416624069
PIPR,Financials,5333.1111778,21,3,0.10062915831804276
STZ,Cons Staples,40119.456,21,3,0.10045737773180008
DTM,Energy,10020.65483,20,3,0.10044053196907043
BRK,Financials,602158.45616,20,3,0.10032054036855698
NJR,Utilities,4654.223849999999,20,3,0.10024669766426086
FFIN,Financials,5118.19875,20,3,0.1001371219754219
PBI,Industrials,1315.51524,20,3,0.09996935725212097
AVXL,Health Care,910.9238399999999,20,3,0.09947393834590912
ALNY,Health Care,30350.51911,20,3,0.09941213577985764
ABT,Health Care,196184.20505000002,20,3,0.09939731657505035
RRX,Industrials,10273.94964,20,3,0.09928885847330093
CR,Industrials,8684.956,20,2,0.09925852715969086
AGM,Financials,1842.46725,20,2,0.09924037009477615
CNP,Utilities,20679.297710000003,20,2,0.09922529757022858
COOP,Financials,6143.103840000001,20,2,0.09920282661914825
GNTX,Cons Disc,6534.12136,20,2,0.09891045093536377
ITGR,Health Care,4444.985840000001,20,2,0.098698191344738
PRK,Financials,2770.13720841,20,2,0.09849251806735992
HQY,Health Care,8315.31485,20,2,0.09839022904634476
CPK,Utilities,2764.47435,20,2,0.09838324040174484
TDG,Industrials,71259.1560869,19,2,0.09834803640842438
BWXT,Industrials,10185.94716,19,2,0.09832137823104858
SJM,Cons Staples,11718.529919999999,19,2,0.09822765737771988
TRMB,Tech,17255.737279999998,19,2,0.09819337725639343
LUCK,Cons Disc,884.82394,19,2,0.09813482314348221
CBSH,Financials,8389.35609,19,2,0.09806065261363983
CBLL,Health Care,927.12512,19,2,0.09803249686956406
CADE,Financials,6351.7532,19,2,0.09794382750988007
ATO,Utilities,21645.62194,19,2,0.0979369655251503
BKR,Energy,40590.35652,19,2,0.09791349619626999
LMND,Financials,2619.1354,19,2,0.09749995917081833
CHEF,Cons Staples,1950.8526000000002,19,2,0.09744515269994736
DUK,Utilities,83227.21067999999,19,2,0.09729214012622833
CFR,Financials,8609.721,19,2,0.0971219465136528
TMP,Financials,976.34502,19,2,0.09708097577095032
PPBI,Financials,2403.30972,19,2,0.09702795743942261
IRTC,Health Care,2822.14066,19,2,0.09700781852006912
CRK,Energy,5324.99542,19,2,0.09696835279464722
DMRC,Tech,803.3774000000001,19,2,0.09693443030118942
TXNM,Utilities,4435.134,18,2,0.09692199528217316
AJG,Financials,70906.58404803001,18,2,0.09684516489505768
DPZ,Cons Disc,14495.152665320002,18,2,0.09679753333330154
WTRG,Utilities,9973.871519999999,18,2,0.09676584601402283
CTVA,Materials,39148.20928,18,2,0.09667744487524033
XEL,Utilities,38772.81984,18,2,0.09666804224252701
CALM,Cons Staples,4552.87204,18,2,0.09663194417953491
FIX,Industrials,15093.56758,18,2,0.09658271074295044
EXPO,Industrials,4523.072399999999,18,2,0.09656129032373428
LPX,Industrials,7273.144899999999,18,2,0.09647539258003235
ROAD,Industrials,4154.346979999999,18,2,0.09644225239753723
HAS,Cons Disc,7799.500909999999,18,2,0.09640520811080933
HLNE,Financials,6184.048500000001,18,2,0.09625948965549469
MDB,Tech,17319.66714,18,2,0.0962139368057251
AWK,Utilities,24262.354059999998,18,2,0.0960695818066597
JOBY,Industrials,6220.14918,18,2,0.09555169194936752
MOD,Industrials,6086.67279,18,2,0.09530308097600937
IRDM,Telecom,3435.4746600000003,18,2,0.09528535604476929
FERG,Industrials,34704.629219459996,17,2,0.0952586680650711
ETR,Utilities,32512.82912,17,2,0.09522145986557007
RBC,Industrials,9395.68857409,17,2,0.09519656747579575
CMS,Utilities,19914.02025,17,2,0.0951899066567421
NBIX,Health Care,13820.2155,17,2,0.0951526015996933
COHR,Tech,14651.320720000002,17,2,0.09503691643476486
CNS,Financials,4668.52572,17,2,0.09503527730703354
GLW,Tech,40687.05168,17,2,0.09481431543827057
HLI,Financials,9334.74598,17,2,0.09469475597143173
AUB,Financials,3400.5254800000002,17,2,0.09466392546892166
C,Financials,133126.14335,17,2,0.09452066570520401
SUM,Materials,8896.188400000001,17,2,0.09407372027635574
MEDP,Health Care,10326.37317082,17,2,0.09376687556505203
NDAQ,Financials,44434.540980000005,17,2,0.09299732744693756
VST,Utilities,46906.958620000005,17,2,0.09272521734237671
AWR,Utilities,2937.58284,17,2,0.0924762487411499
KYMR,Health Care,2604.81204,17,2,0.09245782345533371
MIR,Tech,3934.975,17,2,0.09244117140769958
HRI,Industrials,5377.9186500000005,16,2,0.09242356568574905
CVBF,Financials,2990.50598,16,2,0.09242313355207443
EXEL,Health Care,9516.474,16,2,0.092337965965271
NEE,Utilities,147423.67445,16,2,0.09209660440683365
MSA,Industrials,6516.4187,16,2,0.09205937385559082
MRNA,Health Care,16000.73244,16,2,0.09193329513072968
AEE,Utilities,23793.96192,16,2,0.09182930737733841
D,Utilities,45242.9386,16,2,0.09156324714422226
LB,Real Estate,1502.2729999999997,16,2,0.09144522249698639
BOOT,Cons Disc,4634.30580525,16,2,0.09143983572721481
IAS,Telecom,1698.2748,16,2,0.09134607017040253
PECO,Real Estate,4593.1579,16,2,0.090986467897892
NEOG,Health Care,2630.71372,16,2,0.09061828255653381
ED,Utilities,31539.05734,16,2,0.09057487547397614
TER,Tech,20507.457120000003,16,2,0.09029605239629745
CLBK,Financials,1655.67063,16,2,0.09012053906917572
AEP,Utilities,49118.469950000006,16,2,0.09004107862710953
FMC,Materials,6068.27796,16,2,0.08994627743959427
WEC,Utilities,29749.93016,15,2,0.08992516249418259
CHCO,Financials,1741.89296,15,2,0.0897952988743782
AAON,Industrials,9565.0304,15,2,0.08966990560293198
MRK,Health Care,251648.18928,15,2,0.08949258178472519
ADI,Tech,105443.26558297001,15,2,0.08936022222042084
UI,Tech,20071.8064953,15,2,0.08934331685304642
NOG,Energy,3709.4969999999994,15,2,0.08895491063594818
KLIC,Tech,2513.62086,15,2,0.08891857415437698
JPM,Financials,674865.1795534,15,2,0.08890163153409958
OLED,Tech,6938.798199999999,15,2,0.08878274261951447
BMRN,Health Care,12527.02059,15,2,0.08876065909862518
GDYN,Tech,1855.3275199999998,15,2,0.08870401233434677
MGRC,Industrials,2745.2928199999997,15,2,0.08865663409233093
KGS,Energy,3565.11228,15,2,0.08816982060670853
IDXX,Health Care,33854.5344,15,2,0.0878361165523529
SBCF,Financials,2352.19073,15,2,0.08753583580255508
RELY,Financials,4470.23677,15,2,0.08727706968784332
DOCN,Tech,3144.0477400000004,15,2,0.08722803741693497
SO,Utilities,90196.70688,15,2,0.08716153353452682
AZTA,Health Care,2284.6,14,2,0.08712618798017502
ALB,Materials,10117.8432,14,2,0.08695833384990692
INFA,Tech,6776.05353,14,2,0.0868540033698082
ORA,Utilities,4095.5024399999998,14,2,0.08665715903043747
ENTG,Tech,14957.86188,14,2,0.08653388172388077
KW,Real Estate,1372.7458800000002,14,2,0.0864357203245163
PAY,Financials,801.13374,14,2,0.0857422798871994
GATX,Industrials,5507.123795390001,14,2,0.08567255735397339
BLK,Financials,158768.01014121,14,2,0.08555516600608826
CNMD,Health Care,2114.18004,14,2,0.08539672940969467
DAWN,Health Care,1277.2627,14,2,0.08508411794900894
DUOL,Cons Disc,12287.344688969999,14,2,0.08504031598567963
JANX,Health Care,2809.8862799999997,14,2,0.08493155241012573
PFS,Financials,2462.30856,14,2,0.08481783419847488
APO,Financials,93450.17056,14,2,0.08417162299156189
ASB,Financials,3901.7945,14,2,0.08400511741638184
SRE,Utilities,55561.76028,14,2,0.08398575335741043
DLB,Tech,4720.442099999999,14,2,0.08381959050893784
SLAB,Tech,4030.69056,13,2,0.08314961940050125
FIS,Financials,43482.85258,13,2,0.08302360028028488
PDFS,Tech,1049.97284,13,2,0.08268710225820541
DXCM,Health Care,30376.57315,13,2,0.08266133815050125
GBCI,Financials,5694.847559999999,13,2,0.0825190469622612
VCEL,Health Care,2705.14115,13,2,0.08196856081485748
CGNX,Tech,6150.527899999999,13,2,0.0818168893456459
GVA,Industrials,3834.0672299999997,13,2,0.08131281286478043
RNA,Health Care,3457.612,13,2,0.08120445907115936
LNT,Utilities,15175.26486,13,2,0.08074065297842026
RDNT,Health Care,5170.045680000001,13,2,0.08039607852697372
IDA,Utilities,5821.3456,13,2,0.08024020493030548
COCO,Cons Staples,2093.9781199999998,13,2,0.08008413016796112
PSTX,Health Care,935.664,13,2,0.07991625368595123
REPL,Health Care,828.52987,13,2,0.079718679189682
FORM,Tech,3407.844,13,2,0.078942209482193
BHRB,Financials,933.40448,13,2,0.07892920076847076
ZETA,Tech,3823.9184199999995,13,2,0.07847657054662704
WDAY,Tech,54960.38999999999,12,2,0.07822161167860031
SKY,Cons Disc,5057.204299999999,12,2,0.07809314131736755
ARES,Financials,35120.981700000004,12,2,0.07763387262821198
VERX,Tech,3519.4461499999998,12,2,0.07697661221027374
MGEE,Utilities,3402.1036799999997,12,2,0.07683204114437103
BA,Industrials,132427.152,12,2,0.07662280648946762
MDXG,Health Care,1413.6205199999997,12,2,0.07657159119844437
FOUR,Financials,7126.0537,12,2,0.07588282227516174
FIVN,Tech,3056.45312,12,2,0.07561295479536057
CWST,Industrials,6594.60825,12,2,0.07544942945241928
SHC,Health Care,3874.70952,12,2,0.07528803497552872
EBC,Financials,3431.21475,12,2,0.07512687891721725
ACHR,Industrials,3794.3295,12,2,0.07466252893209457
CRS,Industrials,8459.19544845,12,2,0.07450532168149948
SYRE,Health Care,1197.3136800000002,12,2,0.0745033472776413
NEM,Materials,42373.109,12,2,0.07432936877012253
AIOT,Tech,880.04574,12,2,0.07427950948476791
WDC,Tech,20614.56804,12,2,0.07380197197198868
FRHC,Financials,7921.38228,11,2,0.07268301397562027
GMED,Health Care,9407.18727,11,2,0.07259351015090942
CEG,Utilities,69969.10869767,11,2,0.07240577042102814
PRO,Tech,1038.83976,11,2,0.07224965840578079
TFSL,Financials,3525.73016,11,2,0.0721668004989624
WBTN,Telecom,1742.49054,11,2,0.07212528586387634
BEAM,Health Care,2047.4632,11,2,0.07191947847604752
OWL,Financials,13221.70506,11,2,0.07166647166013718
ITRI,Tech,4895.8722,11,2,0.07164774090051651
PB,Financials,7178.217749999999,11,2,0.07139761000871658
ADMA,Health Care,4053.89985,11,2,0.0712815597653389
HHH,Real Estate,3856.61496,11,2,0.07085150480270386
CLMT,Energy,1891.60608,11,2,0.07080111652612686
PRAX,Health Care,1434.38048,11,2,0.07061561942100525
KTOS,Industrials,3985.3321199999996,11,2,0.07003369182348251
SQ,Financials,47189.33766,11,2,0.06894635409116745
NCNO,Tech,3888.36252,11,2,0.06892242282629013
POWL,Industrials,2663.78957982,11,2,0.06805410236120224
MP,Materials,2546.0292,11,2,0.06767044216394424
SEMR,Tech,1468.7244,10,2,0.06702861189842224
LTH,Cons Disc,4578.24276,10,2,0.06693185865879059
APLS,Health Care,3895.22179,10,2,0.06594370305538177
SPR,Industrials,3996.42528,10,2,0.06592986732721329
EVEX,Industrials,1619.18336,10,2,0.06590297073125839
TKO,Telecom,11539.758330000002,10,2,0.065479181706905365
BWIN,Financials,2618.97444,10,2,0.06480614095926285
DBD,Tech,1617.31408,10,2,0.06429101526737213
DSGR,Industrials,1611.2272,10,2,0.06349002569913864
USLM,Materials,3795.5678459400006,10,1,0.06168780103325844
ARWR,Health Care,2338.2688000000003,10,1,0.06145109236240387
STAA,Health Care,1196.9140400000001,10,1,0.06050353869795799
APD,Materials,64500.25758384,10,1,0.059173665940761566
AGX,Industrials,1860.31786425,10,1,0.0591684952378273
XPO,Industrials,15266.12113598,10,1,0.058397430926561356
RDW,Industrials,1095.26486,10,1,0.05819033458828926
XYL,Industrials,28186.4789,10,1,0.05757630988955498
FLYW,Financials,2526.85728,10,1,0.057445116341114044
SAIA,Industrials,12120.13961595,9,1,0.0572814866900444
FIP,Industrials,825.7887,9,1,0.056934311985969543
TEM,Health Care,5145.09152,9,1,0.05679069086909294
LCID,Cons Disc,9095.29474,9,1,0.05576450377702713
TPL,Energy,25409.430080999995,9,1,0.055178459733724594
MSEX,Utilities,939.70865,9,1,0.05392017215490341
SOC,Energy,2040.3899999999999,9,1,0.05368019640445709
DV,Telecom,3249.6596500000005,9,1,0.0529831238090992
SPT,Tech,1563.0775800000001,9,1,0.05245636776089668
NFE,Energy,3801.4552799999997,9,1,0.05235692858695984
OS,Tech,1234.97304,9,1,0.051322922110557556
BBAI,Tech,1115.1077,9,1,0.05050681531429291
AES,Utilities,9150.91749,9,1,0.04996243119239807
AGIO,Health Care,1873.74292,9,1,0.049567725509405136
PRMB,Cons Staples,9686.303689999999,9,1,0.04929184541106224
CVNA,Cons Disc,26133.7936,9,1,0.04910403862595558
NRIX,Health Care,1263.86256,9,1,0.048377733677625656
JOE,Real Estate,2623.82214,9,1,0.048014264553785324
MC,Financials,5214.967559999999,8,1,0.045594483613967896
TLN,Utilities,10245.75685,8,1,0.045538026839494705
SMCI,Tech,17848.173600000002,8,1,0.04552822187542915
SYM,Industrials,2521.62963,8,1,0.045336075127124786
AIR,Industrials,2200.4422400000003,8,1,0.04499610885977745
ZUO,Tech,1439.392,8,1,0.044278912246227264
HL,Materials,3127.74365,8,1,0.04422946274280548
PACS,Health Care,2034.38358,8,1,0.04387376457452774
LLYVK,Telecom,4330.93004,8,1,0.04318389296531677
ELF,Cons Staples,7072.35705,8,1,0.04222530499100685
AUR,Tech,8514.7965,8,1,0.042140696197748184
UFPT,Health Care,1876.36966326,8,1,0.04138469323515892
INSP,Health Care,5555.28246,8,1,0.040981028228998184
SEI,Energy,1065.1478,8,1,0.03965170308947563
UPB,Health Care,881.13468,8,1,0.039191700518131256
PLUG,Industrials,1940.8496099999998,8,1,0.0381685309112072
DAVE,Financials,972.89556,8,1,0.03740983456373215
DNLI,Health Care,2931.4592,8,1,0.03702447563409805
CRWD,Tech,80014.45816000001,7,1,0.03599896281957626
NUVB,Health Care,895.26822,7,1,0.03513425961136818
ENVX,Industrials,2060.98461,7,1,0.0346069373190403
QS,Cons Disc,2376.01314,7,1,0.03455502539873123
CPNG,Cons Disc,35696.77286,7,1,0.03385649248957634
SHAK,Cons Disc,5195.5046,7,1,0.03367062285542488
CCOI,Telecom,3778.2796799999996,7,1,0.03358761966228485
CRNX,Health Care,4133.40033,7,1,0.03319510072469711
CELH,Cons Staples,6190.71654,7,1,0.032888151705265045
CDE,Materials,2284.0818,7,1,0.031943224370479584
VSEC,Industrials,1941.1812,7,1,0.03148327395319939
TRNS,Industrials,972.70226,7,1,0.030865415930747986
CWT,Utilities,2695.91109,7,1,0.029665939509868622
LINE,Real Estate,13378.09084,7,1,0.028474759310483932
GSAT,Telecom,3920.9960699999997,7,1,0.028322039172053337
AMD,Tech,196018.85753,7,1,0.026374854147434235
SG,Cons Disc,3315.4528400000004,7,1,0.025852570310235023
TOST,Financials,17167.95,7,1,0.025514330714941025
PLRX,Health Care,801.3945,7,1,0.02548298053443432
SOFI,Financials,16711.2638,6,1,0.023797539994120598
PRM,Materials,1868.7938399999998,6,1,0.02281045913696289
IONQ,Tech,9038.69384,6,1,0.02195608988404274
RXRX,Health Care,1890.10952,6,1,0.01965448074042797
ML,Financials,970.88088,6,1,0.01899052783846855
KKR,Financials,131377.95139,6,1,0.017530864104628563
ELVN,Health Care,1063.215,6,1,0.01684633642435074
AMZN,Cons Disc,2306888.26329,6,1,0.015628769993782043
GTLS,Industrials,8170.05124,6,1,0.015556099824607372
TTAN,Tech,7698.07071,6,1,0.015547620132565498
GME,Cons Disc,14002.712,6,1,0.014364395290613174
YOU,Tech,2504.5596,6,1,0.011136258952319622
RVMD,Health Care,7357.899060000001,6,1,0.010358131490647793
RIVN,Cons Disc,13470.8385,6,1,0.0100628063082695
QXO,Industrials,6509.937,6,1,0.00989882368594408
TDW,Energy,2862.59133,6,1,0.009129051119089127
SARO,Industrials,8281.27912,6,1,0.009045769460499287
AKRO,Health Care,1936.6893,6,1,0.008318482898175716
WAY,Health Care,6315.5562,5,1,0.00825576577335596
GEV,Industrials,90670.53853347,5,1,0.008042014203965664
ANIP,Health Care,1164.7496,5,1,0.007330700289458036
FUN,Cons Disc,4832.4450099999995,5,1,0.005437862128019333
KULR,Industrials,849.4404499999999,5,1,0.004861847497522831
MU,Tech,93757.85888,5,1,0.0021482575684785843
MNKD,Health Care,1773.25254,5,1,0.0012754653580486774
MSTR,Tech,60934.889520000004,5,1,-0.001424730638973415
PTGX,Health Care,2297.5492000000004,5,1,-0.002062403131276369
UBER,Industrials,127016.36688,5,1,-0.002159533789381385
UPST,Financials,5616.90796,5,1,-0.0032317982986569405
IONS,Health Care,5517.14248,5,1,-0.003566176164895296
HOOD,Financials,28450.357379999998,5,1,-0.004011188633739948
LEU,Energy,1044.24497,5,1,-0.0051451995968818665
CLDX,Health Care,1676.51288,5,1,-0.0053154774941504
SWTX,Health Care,2685.72355,5,1,-0.007530087139457464
WOLF,Tech,850.5685800000001,5,1,-0.008890190161764622
CORZ,Tech,3923.5046500000003,5,1,-0.00939429271966219
CENX,Materials,1690.7977799999999,4,1,-0.010646822862327099
EWTX,Health Care,2520.7203,4,1,-0.010657374747097492
ACAD,Health Care,3052.5592,4,1,-0.011332539841532707
COGT,Health Care,861.5724,4,1,-0.011424360796809196
IRON,Health Care,1886.0231999999999,4,1,-0.01172985415905714
AAOI,Tech,1661.57508,4,1,-0.011742762289941311
SDGR,Health Care,1228.6765500000001,4,1,-0.013712565414607525
HROW,Health Care,1194.74905,4,1,-0.015462400391697884
VRDN,Health Care,1518.5132100000003,4,1,-0.015876371413469315
PCVX,Health Care,10202.78482,4,1,-0.01620701141655445
PRCT,Health Care,4201.77516,4,1,-0.01949325203895569
EVH,Health Care,1311.345,4,1,-0.02149379812180996
IMVT,Health Care,3630.4150499999996,4,1,-0.027237704023718834
WULF,Tech,2184.2392800000002,4,1,-0.028713684529066086
SPXC,Industrials,6746.161680000001,4,1,-0.03632119670510292
IBTA,Telecom,1789.0492,4,1,-0.03664974495768547
RKLB,Industrials,12732.73317,4,1,-0.03827173262834549
ETNB,Health Care,829.9053200000001,4,1,-0.03864746540784836
DYN,Health Care,2397.30068,4,1,-0.03972340747714043
SRRK,Health Care,3926.7531,3,1,-0.04025896638631821
BROS,Cons Disc,5962.04874,3,1,-0.04712234437465668
LIF,Tech,3081.5070900000005,3,1,-0.04938796907663345
NMRA,Health Care,1712.5466,3,1,-0.05313502624630928
SLNO,Health Care,1938.1091500000002,3,1,-0.05602812021970749
VERA,Health Care,2631.03006,3,1,-0.05609861761331558
SITM,Tech,5011.84986,3,1,-0.0564890131354332
FLNC,Industrials,2058.38148,3,1,-0.05924954265356064
IE,Materials,909.4427999999999,3,1,-0.05927605181932449
LVWR,Cons Disc,977.6324999999999,3,1,-0.060684747993946075
OKLO,Utilities,2592.09808,3,1,-0.06848058104515076
MDGL,Health Care,6728.67763806,3,1,-0.0687209740281105
INOD,Industrials,1146.08,3,1,-0.06916853785514832
IDYA,Health Care,2219.4006,3,1,-0.07067091017961502
NARI,Health Care,2988.6711999999998,3,1,-0.07115539163351059
COIN,Financials,50879.153,3,1,-0.07186222821474075
DJT,Telecom,7397.1084,3,1,-0.07428483664989471
PCT,Materials,1778.293,3,1,-0.07654964923858643
SEZL,Financials,1434.2706,2,1,-0.07714897394180298
SEPN,Health Care,1016.8286999999999,2,1,-0.0799253061413765
SPRY,Health Care,1025.30175,2,1,-0.08042310178279877
RCKT,Health Care,1145.84349,2,1,-0.08094501495361328
HIMS,Health Care,5080.242179999999,2,1,-0.0812801718711853
ALAB,Tech,21008.02695,2,1,-0.0829254612326622
PLSE,Health Care,1071.01097,2,1,-0.08383830636739731
BE,Industrials,5076.67296,2,1,-0.08542004227638245
NN,Tech,2005.1394000000003,2,1,-0.0866345688700676
RBRK,Tech,5693.05208,2,1,-0.08667562901973724
FSLR,Tech,18867.90299058,2,1,-0.08855496346950531
FRPT,Cons Staples,7188.815070000001,2,1,-0.08982722461223602
APGE,Health Care,2039.5419,2,1,-0.09450145810842514
NUVL,Health Care,5126.9486,2,1,-0.09759685397148132
NNE,Industrials,911.082315,2,1,-0.10300856083631516
RCAT,Industrials,1030.0688499999999,2,1,-0.10410985350608826
NVAX,Health Care,1287.58992,2,1,-0.10614572465419769
ARDX,Health Care,1201.0323,2,1,-0.10967490077018738
SNDX,Health Care,1127.4677,1,1,-0.11221763491630554
CAVA,Cons Disc,12924.624,1,1,-0.1126861423254013
APLD,Tech,1645.34276,1,1,-0.11378353089094162
GERN,Health Care,2134.98108,1,1,-0.11395839601755142
ASTS,Telecom,4227.2795,1,1,-0.11397609114646912
NEXT,Energy,2006.8436100000001,1,1,-0.11413039267063141
VITL,Cons Staples,1650.4451,1,1,-0.12010050565004349
LUNR,Industrials,1778.2453600000001,1,1,-0.12028440088033676
AMSC,Industrials,971.72739,1,1,-0.12211223691701889
MARA,Tech,5397.10587,1,1,-0.12439525872468948
ASPN,Materials,974.7183600000001,1,1,-0.12656593322753906
HUT,Tech,1917.47469,1,1,-0.1265989989042282
QUBT,Tech,1639.8733,1,1,-0.13115890324115753
RXST,Health Care,1385.6515200000001,1,1,-0.13133376836776733
CLSK,Tech,2694.49602,1,1,-0.13523440062999725
ACLX,Health Care,4140.87655,1,1,-0.13585305213928223
IOVA,Health Care,2254.188,1,1,-0.13944217562675476
AVAV,Industrials,4340.31356,1,1,-0.14271512627601624
UEC,Energy,2830.45872,0,1,-0.15130874514579773
CIFR,Tech,1576.8344,0,1,-0.15290947258472443
LOAR,Industrials,6914.72396,0,1,-0.16281603276729584
KRYS,Health Care,4505.07162,0,1,-0.16791720688343048
TMDX,Health Care,2092.5906999999997,0,1,-0.18960826098918915
RIOT,Tech,3393.0484600000004,0,1,-0.19002407789230347
BCAX,Health Care,947.92672,0,1,-0.19221682846546173
VKTX,Health Care,4484.18464,0,1,-0.22322945296764374
RGTI,Tech,4291.38668,0,1,-0.22868992388248444
CGON,Health Care,1939.6283999999998,0,1,-0.3730734884738922
