month_date,gross_ret,n_cohorts,n_positions,cost,net_ret,bench_ret,value_gross,value_net,value_bench,peak,drawdown,excess
2010-07-31,0.08153582,6,900,6.666666666666666e-4,0.08086915333333333,0.07653807484662577,97338.2238,97278.2238,96888.42673619631,97278.2238,0,0.004331078486707565
2010-08-31,-0.07693806,6,900,6.666666666666666e-4,-0.07760472666666667,-0.051826030456852794,89849.20969698217,89728.97383138219,91867.08418124967,97278.2238,-0.07760472666666662,-0.02577869620981387
2010-09-30,0.14688018888888887,6,900,6.666666666666666e-4,0.1462135222222222,0.12498167481937733,103046.2785887923,102848.56314065418,103348.78622299498,102848.56314065418,0,0.021231847402844867
2010-10-31,0.03477606444444445,6,900,6.666666666666666e-4,0.03410939777777778,0.04464380969267139,106629.8226137563,106356.66569169165,107962.66976710294,106356.66569169165,0,-0.010534411914893613
2010-11-30,0.029975783333333332,6,900,6.666666666666666e-4,0.029309116666666666,0.03522489924286546,109826.13507329804,109473.88561472709,111765.64393163989,109473.88561472709,0,-0.005915782576198795
2010-12-31,0.10864501622719999,6,900,6.666666666666666e-4,0.10797834956053333,0.08154635377368663,121758.19730050715,121294.69510338393,120879.7246714333,121294.69510338393,0,0.0264319957868467
2011-01-31,0.011472262222222222,6,900,6.666666666666666e-4,0.010805595555555556,0.01742636437718277,123155.03926764366,122605.35652170551,122986.21879937123,122605.35652170551,0,-0.006620768821627215
2011-02-28,0.04516865111111111,6,900,6.666666666666666e-4,0.04450198444444444,0.05421879093977335,128717.78626889903,128061.53819044001,129654.38288492756,128061.53819044001,0,-0.009716806495328911
2011-03-31,0.01727322333333333,6,900,6.666666666666666e-4,0.016606556666666664,0.02818312780430285,130941.15733809398,130188.19938122007,133308.44892816147,130188.19938122007,0,-0.011576571137636184
2011-04-30,0.023366371748223334,6,900,6.666666666666666e-4,0.022699705081556668,0.031268510501750287,134000.7770975985,133143.43311227267,137476.80556344372,133143.43311227267,0,-0.008568805420193618
2011-05-31,-0.012990181111111113,6,900,6.666666666666666e-4,-0.01365684777777778,-0.009177225354317461,132260.08273407104,131325.11351364764,136215.14993779632,133143.43311227267,-0.013656847777777759,-0.004479622423460318
2011-06-30,-0.027475755555555554,6,900,6.666666666666666e-4,-0.02814242222222222,-0.01676813498877126,128626.13703111214,127629.3067207653,133931.07591612363,133143.43311227267,-0.041414933223613226,-0.01137428723345096
2011-07-31,-0.032823623333333336,6,900,6.666666666666666e-4,-0.033490290000000006,-0.032800192714453585,124404.1611583812,123354.96422618792,129538.11081562068,133143.43311227267,-0.07351822509962369,-6.900972855464205e-4
2011-08-31,-0.07574368066437778,6,900,6.666666666666666e-4,-0.07641034733104445,-0.07478596444250744,114981.332102281,113929.36856465634,119850.47826621408,133143.43311227267,-0.14431101931564394,-0.0016243828885370015
2011-09-30,-0.09046625666666666,6,900,6.666666666666666e-4,-0.09113292333333332,-0.09846298444268331,104579.40140044081,103546.65215383844,108049.64248923969,133143.43311227267,-0.22229245758952954,0.007330061109349986
2011-10-31,0.14460629333333333,6,900,6.666666666666666e-4,0.14393962666666665,0.15661420106761564,119702.24099597738,118451.11860744514,124971.75092333346,133143.43311227267,-0.1103495242791156,-0.01267457440094899
2011-11-30,-0.00904785111111111,6,900,6.666666666666666e-4,-0.009714517777777777,0.004300185566530296,118619.19294177943,117300.42310993547,125509.152642878,133143.43311227267,-0.11899204964151444,-0.014014703344308073
2011-12-31,0.008962102222222223,6,900,6.666666666666666e-4,0.008295435555555557,0.004114134684147793,119682.27027444115,118273.48121048333,126025.51420094408,133143.43311227267,-0.1116837049653836,0.004181300871407763
2012-01-31,0.06204869777777778,6,900,6.666666666666666e-4,0.06138203111111111,0.07570451413427562,127108.3992920583,125533.34771376463,135566.2145220488,133143.43311227267,-0.05715704650706188,-0.014322483023164509
2012-02-29,0.05600004,6,900,6.666666666666666e-4,0.05533337333333333,0.043332796939376104,134226.47473674954,132479.53130859352,141440.67776777263,133143.43311227267,-0.004986365366734358,0.012000576393957227
2012-03-31,0.014370711111111113,6,900,6.666666666666666e-4,0.013704044444444447,0.027130913467702467,136155.4046286542,134295.03669362568,145278.09255710326,134295.03669362568,0,-0.01342686902325802
2012-04-30,-0.019550856666666668,6,900,6.666666666666666e-4,-0.020217523333333334,-0.0075152288827690025,133493.4498283674,131579.92365572145,144186.29443988454,134295.03669362568,-0.020217523333333265,-0.012702294450564332
2012-05-31,-0.08691886666666666,6,900,6.666666666666666e-4,-0.08758553333333333,-0.06650135357142857,121890.35046186218,120055.4258663758,134597.71069318368,134295.03669362568,-0.10603229410283754,-0.021084179761904756
2012-06-30,0.03903200666666667,6,900,6.666666666666666e-4,0.03836534,0.040515424296592266,126647.97543369193,124661.3930985841,140050.99405126795,134295.03669362568,-0.07173491911707286,-0.002150084296592268
2012-07-31,-0.02150753777777778,6,900,6.666666666666666e-4,-0.022174204444444446,-0.0025926361830000003,123924.08931757273,121897.12588168685,139687.89277662552,134295.03669362568,-0.09231845879920964,-0.019581568261444447
2012-08-31,0.04101998222222222,6,900,6.666666666666666e-4,0.040353315555555554,0.03967206579727327,129007.45325828462,126816.07906770582,145229.60004994227,134295.03669362568,-0.05569049914318125,6.81249758282286e-4
2012-09-30,0.02768415111111111,6,900,6.666666666666666e-4,0.027017484444444444,0.03436141736775161,132578.91508874655,130242.330511223,150219.89495140995,134295.03669362568,-0.030177631893041013,-0.007343932923307168
2012-10-31,0.0010523933333333331,6,900,6.666666666666666e-4,3.857266666666665e-4,-0.009938178211959742,132718.4402551265,130292.56845123,148726.98286440098,134295.03669362568,-0.029803545543732324,0.010323904878626408
2012-11-30,0.018419763333333332,6,900,6.666666666666666e-4,0.017753096666666666,0.018781990903543887,135163.0825145951,132605.66501389295,151520.37170367167,134295.03669362568,-0.012579554102113089,-0.0010288942368772216
2012-12-31,0.03650770666666667,6,900,6.666666666666666e-4,0.03584104,0.03245946021377673,140097.57668320037,137358.3899578825,156438.64118056366,137358.3899578825,0,0.0033815797862232697
2013-01-31,0.07241059444444445,6,900,6.666666666666666e-4,0.07174392777777779,0.0717091415095136,150242.12549105703,147213.02036669265,167656.72183853673,147213.02036669265,0,3.478626826418363e-5
2013-02-28,0.003879193333333334,6,900,6.666666666666666e-4,0.0032125266666666675,0.01814271225691761,150824.94374264777,147685.9461203012,170698.46950079137,147685.9461203012,0,-0.014930185590250944
2013-03-31,0.052397401666106666,6,900,6.666666666666666e-4,0.051730734999439996,0.05068343960245962,158727.77890119923,155325.8486621921,179350.05506996703,155325.8486621921,0,0.0010472953969803758
2013-04-30,0.013836046666666667,6,900,6.666666666666666e-4,0.013169380000000001,0.005486964075382804,160923.94385737256,157371.39378704695,180334.14237905387,157371.39378704695,0,0.007682415924617198
2013-05-31,0.06397222111111112,6,900,6.666666666666666e-4,0.06330555444444445,0.048153101704879485,171218.60597588844,167333.877124431,189017.79067789466,167333.877124431,0,0.015152452739564969
2013-06-30,-0.011711013333333332,6,900,6.666666666666666e-4,-0.012377679999999999,-9.227568953713639e-4,169213.46259839006,165262.67194022544,188843.3732081988,167333.877124431,-0.012377680000000169,-0.011454923104628634
2013-07-31,0.08590589,6,900,6.666666666666666e-4,0.08523922333333334,0.07373727514450867,183749.89570288648,179349.53374240172,202768.1689776689,179349.53374240172,0,0.011501948188824662
2013-08-31,-0.009292993333333333,6,900,6.666666666666666e-4,-0.009959659999999999,-0.022117895496535797,182042.30914711885,177563.27336516883,198283.36380619692,179349.53374240172,-0.009959660000000259,0.012158235496535798
2013-09-30,0.06145619179017334,6,900,6.666666666666666e-4,0.06078952512350667,0.060810137927600226,193229.9362119902,188357.26043241288,210341.0025080003,188357.26043241288,0,-2.0612804093558812e-5
2013-10-31,0.021364991111111113,6,900,6.666666666666666e-4,0.020698324444444447,0.036335281071835805,197358.29208155995,192255.94012030968,217983.8019550602,192255.94012030968,0,-0.015636956627391358
2013-11-30,0.038270686666666665,6,900,6.666666666666666e-4,0.037604019999999995,0.03896338967668746,204911.32943888183,199485.5363377126,226477.18977384103,199485.5363377126,0,-0.0013593696766874622
2013-12-31,0.02349847777777778,6,900,6.666666666666666e-4,0.022831811111111114,0.034197059307254966,209726.43376011628,204040.15242277397,234222.0436642775,204040.15242277397,0,-0.011365248196143853
2014-01-31,-0.005439928888888888,6,900,6.666666666666666e-4,-0.006106595555555555,-0.02095193371104815,208585.536874341,202794.16173483417,229314.6389317573,204040.15242277397,-0.006106595555555594,0.014845338155492594
2014-02-28,0.06094651,6,900,6.666666666666666e-4,0.06027984333333333,0.05615387921348315,221298.0973833084,215018.56203312465,242191.54546821475,215018.56203312465,0,0.004125964119850181
2014-03-31,-0.018194284444444445,6,900,6.666666666666666e-4,-0.01886095111111111,0.004819598083427282,217271.7368525021,210963.10744663648,243358.81137657564,215018.56203312465,-0.01886095111111108,-0.023680549194538394
2014-04-30,-0.036365183333333335,6,900,6.666666666666666e-4,-0.037031850000000005,-0.022231863654002818,209370.6103087091,203150.75329613878,237948.49146305144,215018.56203312465,-0.05519434519870692,-0.014799986345997187
2014-05-31,-0.00450385111111111,6,900,6.666666666666666e-4,-0.0051705177777777766,0.015301154575892857,208427.6362528362,202100.35871465213,241589.3781120281,215018.56203312465,-0.0600794796334021,-0.020471672353670634
2014-06-30,0.06158482020514667,6,900,6.666666666666666e-4,0.06091815353848,0.05482024858968224,221263.61475725085,214411.9393970132,254833.3678767562,215018.56203312465,-0.0028212570597416775,0.006097904948797757
2014-07-31,-0.060211818888888886,6,900,6.666666666666666e-4,-0.060878485555555556,-0.04440709255202629,207940.93005878638,201358.86524149348,243516.95892410856,215018.56203312465,-0.06352798875813725,-0.016471393003529268
2014-08-31,0.052069958888888886,6,900,6.666666666666666e-4,0.051403292222222216,0.05316518672423098,218768.4057382647,211709.37383303707,256463.58351582565,215018.56203312465,-0.015390244306339396,-0.001761894502008761
2014-09-30,-0.058440446666666666,6,900,6.666666666666666e-4,-0.059107113333333336,-0.03925527935656837,205983.48239036594,199195.84388015873,246396.0339001253,215018.56203312465,-0.07358768472523014,-0.019851833976764967
2014-10-31,0.032512931111111115,6,900,6.666666666666666e-4,0.031846264444444446,0.053689264879931,212680.60916335066,205539.4874006005,259624.8558295536,215018.56203312465,-0.04408491314839991,-0.02184300043548655
2014-11-30,-1.9159333333333388e-4,6,900,6.666666666666666e-4,-8.582600000000006e-4,0.015882873157894738,212639.86097650568,205363.0810801441,263748.4444833311,215018.56203312465,-0.04490533683084108,-0.016741133157894737
2014-12-31,0.01842522333333333,6,900,6.666666666666666e-4,0.017758556666666665,0.022350886433843257,216557.79790456675,209010.0329927471,269643.4560130809,215018.56203312465,-0.027944234132920687,-0.004592329767176592
2015-01-31,-0.045443708888888885,6,900,6.666666666666666e-4,-0.046110375555555555,-0.030956050484471052,206716.60837897277,199372.50187657247,261296.35957593267,215018.56203312465,-0.07276609055799488,-0.015154325071084503
2015-02-28,0.08692684222222222,6,900,6.666666666666666e-4,0.08626017555555555,0.07564804804646251,224685.83038024462,216570.40888939594,281062.9191394986,216570.40888939594,0,0.010612127509093044
2015-03-31,0.0019956804356666656,6,900,6.666666666666666e-4,0.001329013768999999,0.012912196160651595,225134.231496106,216858.23394476794,284692.05868491315,216858.23394476794,0,-0.011583182391651596
2015-04-30,0.00584871,6,900,6.666666666666666e-4,0.005182043333333333,-0.0053559442082890445,226450.9763271996,217982.0027102599,283167.2639020538,217982.0027102599,0,0.010537987541622378
2015-05-31,0.011899295555555557,6,900,6.666666666666666e-4,0.011232628888888891,0.02465460667019587,229145.58342336104,220430.513651161,290148.6414154345,220430.513651161,0,-0.013421977781306979
2015-06-30,-0.015950793333333334,6,900,6.666666666666666e-4,-0.01661746,0.004016107429034998,225490.52957892892,216767.5184077834,291313.90952974744,220430.513651161,-0.01661745999999975,-0.020633567429035
2015-07-31,-0.034273980719697776,6,900,6.666666666666666e-4,-0.034940647386364446,-0.0019372023708571415,217762.07151566626,209193.52098227976,290749.5755335427,220430.513651161,-0.050977482576047395,-0.0330034450155073
2015-08-31,-0.04713051,6,900,6.666666666666666e-4,-0.04779717666666667,-0.05359428836962295,207498.8340264764,199194.66130236766,275167.0589390526,220430.513651161,-0.0963380795020049,0.005797111702956277
2015-09-30,-0.05676776069743889,6,900,6.666666666666666e-4,-0.05743442736410556,-0.045163003853811896,195719.5898714638,187754.02999647922,262739.68799574603,220430.513651161,-0.14823938443655515,-0.012271423510293665
2015-10-31,0.07872411666666666,6,900,6.666666666666666e-4,0.07805745,0.06768147667020148,211127.44169845706,202409.6308052279,280522.2980591661,220430.513651161,-0.08175312277524227,0.010375973329798518
2015-11-30,0.005219576666666668,6,900,6.666666666666666e-4,0.004552910000000001,0.0333340147679325,212229.43756683936,203331.18363741733,289873.2324854047,220430.513651161,-0.07757242738545689,-0.028781104767932497
2015-12-31,-0.05857297555555555,6,900,6.666666666666666e-4,-0.05923964222222222,-0.0377837656004195,199798.5279080676,191285.91706611577,278920.73021534027,220430.513651161,-0.1322167067630553,-0.02145587662180272
2016-01-31,-0.11559081811207111,6,900,6.666666666666666e-4,-0.11625748477873778,-0.079900764827426,176703.6526095866,169047.4974744149,256634.75054491044,220430.513651161,-0.2331030097677924,-0.036356719951311775
2016-02-29,0.005613324444444447,6,900,6.666666666666666e-4,0.00494665777777778,0.014836801771871546,177695.54754220264,169883.71759261057,260442.389466519,220430.513651161,-0.229309432806306,-0.009890143994093766
2016-03-31,0.09905636280646445,6,900,6.666666666666666e-4,0.09838969613979778,0.09096265628096473,195297.42216863637,186598.52494564676,284132.92102055514,220430.513651161,-0.15348142208230997,0.007427039858833057
2016-04-30,0.029769278678638888,6,900,6.666666666666666e-4,0.029102612011972222,0.027468030979866664,201111.28555439433,192029.02941914622,291937.4928975478,220430.513651161,-0.12884552034824504,0.0016345810321055573
2016-05-31,0.014666901111111111,6,900,6.666666666666666e-4,0.014000234444444445,0.024856354516607518,204060.9648919491,194717.48085115344,299193.99471769884,220430.513651161,-0.1166491533957923,-0.010856120072163073
2016-06-30,-0.01197235,6,900,6.666666666666666e-4,-0.012639016666666666,-0.0025655965654369844,201617.87559892496,192256.44336538436,298426.3836324517,220430.513651161,-0.12781383946853697,-0.01007342010122968
2016-07-31,0.08090563444444444,6,900,6.666666666666666e-4,0.08023896777777778,0.05777581393177392,217929.8977395971,207682.90192964958,315668.2108455324,220430.513651161,-0.05783052223742924,0.022463153846003864
2016-08-31,0.011678818104622221,6,900,6.666666666666666e-4,0.011012151437955555,0.019955025917343664,220475.06137485677,209969.93749677294,321967.37817423657,220430.513651161,-0.04745520926808833,-0.008942874479388109
2016-09-30,0.03410899333333333,6,900,6.666666666666666e-4,0.03344232666666666,0.019496258925122523,227995.243773458,216991.8207367196,328244.5375445643,220430.513651161,-0.015599895211800163,0.013946067741544138
2016-10-31,-0.06035532666666667,6,900,6.666666666666666e-4,-0.06102199333333334,-0.0347431473265074,214234.51635706468,203750.54729833562,316840.2892175322,220430.513651161,-0.07566995184351843,-0.026278846006825937
2016-11-30,0.11531846888888889,6,900,6.666666666666666e-4,0.11465180222222222,0.1007311675155631,238939.712766513,227110.91474985392,348755.98146638286,227110.91474985392,0,0.013920634706659121
2016-12-31,-9.548955555555572e-4,6,900,6.666666666666666e-4,-0.0016215622222222237,0.020036546596933713,238711.5502967465,226742.64027024125,355743.8469399934,227110.91474985392,-0.001621562222222206,-0.021658108819155936
2017-01-31,0.037575005555555555,6,900,6.666666666666666e-4,0.036908338888888885,0.020384462738301558,247681.138125322,235111.33447789674,362995.49413232174,235111.33447789674,0,0.016523876150587327
2017-02-28,0.015074528888888888,6,900,6.666666666666666e-4,0.014407862222222222,0.028461475901541286,251414.81459722505,238498.78619193705,373326.8816409369,238498.78619193705,0,-0.014053613679319064
2017-03-31,-0.016715066666666667,6,900,6.666666666666666e-4,-0.017381733333333333,0.004816320068220577,247212.39921024482,234353.26389002512,375124.94339299033,238498.78619193705,-0.01738173333333337,-0.02219805340155391
2017-04-30,0.008023646666666669,6,900,6.666666666666666e-4,0.007356980000000002,0.01525624673109722,249195.9441531268,236077.39616539876,380847.9420843827,238498.78619193705,-0.010152630397831985,-0.00789926673109722
2017-05-31,-0.025338387777777777,6,900,6.666666666666666e-4,-0.026005054444444443,-9.184356858464192e-4,242881.7206875254,229938.19062501486,380498.15774349123,238498.78619193705,-0.03589366513602654,-0.025086618758598023
2017-06-30,0.042806415496477776,6,900,6.666666666666666e-4,0.042139748829811106,0.030412715509267267,253278.61653977507,239627.72822433425,392070.1399667443,239627.72822433425,0,0.01172703332054384
2017-07-31,0.012561460000000002,6,900,6.666666666666666e-4,0.011894793333333336,0.01604536738148984,256460.1657502948,242478.05052849886,398361.0494018228,242478.05052849886,0,-0.0041505740481565054
2017-08-31,-0.002493629999999998,6,900,6.666666666666666e-4,-0.0031602966666666645,-0.0027537486397700888,255820.64898717488,241711.74795367385,397264.0632038952,242478.05052849886,-0.0031602966666665067,-4.0654802689657574e-4
2017-09-30,0.054069412222222224,6,900,6.666666666666666e-4,0.053402745555555554,0.060085719356283,269652.72111221886,254619.8189274324,421133.960215901,254619.8189274324,0,-0.0066829738007274445
2017-10-31,-0.0010840266666666662,6,900,6.666666666666666e-4,-0.001750693333333333,0.015306423376304593,269360.410371794,254174.0577079016,427580.01490910543,254619.8189274324,-0.0017506933333333308,-0.017057116709637925
2017-11-30,0.028562263333333334,6,900,6.666666666666666e-4,0.027895596666666668,0.03945028705268335,277053.9533444079,261264.39470485132,444448.1692352603,261264.39470485132,0,-0.011554690386016683
2017-12-31,0.017175496666666668,6,900,6.666666666666666e-4,0.016508830000000002,0.01163279918053105,281812.4925965616,265577.5641820866,449618.3455341287,265577.5641820866,0,0.004876030819468953
2018-01-31,0.04500543666666667,6,900,6.666666666666666e-4,0.04433877,0.04346093893557423,294495.58688399155,277352.9467175164,469159.1809937014,277352.9467175164,0,8.778310644257728e-4
2018-02-28,-0.03799076111111111,6,900,6.666666666666666e-4,-0.03865742777777778,-0.031281894789884815,283307.47539440537,266631.19521083013,454482.99285414786,277352.9467175164,-0.03865742777777792,-0.007375532987892966
2018-03-31,0.004307285555555557,6,900,6.666666666666666e-4,0.003640618888888891,0.005739109706425411,284527.7615909526,267601.8977764817,457091.32060984237,277352.9467175164,-0.03515754585065267,-0.0020984908175365204
2018-04-30,0.018449214444444445,6,900,6.666666666666666e-4,0.01778254777777778,0.009292890857142855,289777.07527994184,272360.541309116,461339.0203640169,277352.9467175164,-0.018000188811713502,0.008489656920634924
2018-05-31,0.0645575586002489,6,900,6.666666666666666e-4,0.06389089193358223,0.05401824815294672,308484.3757983354,289761.8992208687,486259.7460486777,289761.8992208687,0,0.009872643780635508
2018-06-30,0.014971807777777778,6,900,6.666666666666666e-4,0.014305141111111112,0.014826931399888454,313102.9445752359,293906.9840778468,493469.48594586866,293906.9840778468,0,-5.217902887773417e-4
2018-07-31,0.011092650000000003,6,900,6.666666666666666e-4,0.010425983333333336,0.02700667835772018,316576.08595337835,296971.2533953927,506796.4576321581,296971.2533953927,0,-0.016580695024386843
2018-08-31,0.05510235333333333,6,900,6.666666666666666e-4,0.05443568666666666,0.04741471636125915,334020.1732984651,313137.0874942316,530826.0679236777,313137.0874942316,0,0.007020970305407513
2018-09-30,-0.02439806222222222,6,900,6.666666666666666e-4,-0.025064728888888888,-0.010483744761951514,325870.7283268517,305288.3912911324,525261.0229145756,313137.0874942316,-0.025064728888889,-0.014580984126937374
2018-10-31,-0.11485526333333333,6,900,6.666666666666666e-4,-0.11552193,-0.09679844672586016,288442.760012246,270020.88712258555,474416.5717708082,313137.0874942316,-0.13769113303271774,-0.018723483274139835
2018-11-30,0.01884197222222222,6,900,6.666666666666666e-4,0.018175305555555552,0.026369362685745735,293877.5904840979,274928.59925242077,486926.6344159608,313137.0874942316,-0.12201840589232238,-0.008194057130190183
2018-12-31,-0.12474500183064889,6,900,6.666666666666666e-4,-0.12541166849731555,-0.10745099213204838,257217.8299211724,240449.34490254486,434605.88445244665,313137.0874942316,-0.23212754251929912,-0.017960676365267172
2019-01-31,0.12439748456931111,6,900,6.666666666666666e-4,0.12373081790264445,0.13005405758876654,289215.08094974316,270200.33901149174,491128.14317744196,313137.0874942316,-0.13711805531029853,-0.006323239686122084
2019-02-28,0.05065453888888889,6,900,6.666666666666666e-4,0.04998787222222222,0.05704148651064441,303865.137514965,283707.07903239934,519142.8225314958,313137.0874942316,-0.09398442291628706,-0.007053614288422189
2019-03-31,-0.026275930402037777,6,900,6.666666666666666e-4,-0.026942597068704444,-0.008094576001017808,295880.79831001617,276063.2735164903,514940.58149913175,313137.0874942316,-0.11839483554762331,-0.018848021067686634
2019-04-30,0.028899011111111112,6,900,6.666666666666666e-4,0.028232344444444446,0.041010295091009376,304431.46078794176,283857.18694286875,536058.4467007471,313137.0874942316,-0.09350505488080263,-0.01277795064656493
2019-05-31,-0.11594211666666666,6,900,6.666666666666666e-4,-0.11660878333333333,-0.0724516808976464,269135.0328442625,250756.94573303827,497220.11117789656,313137.0874942316,-0.19921032752896906,-0.04415710243568692
2019-06-30,0.08166210444444444,6,900,6.666666666666666e-4,0.08099543777777778,0.08305440268485073,291113.1660060496,271067.11432850413,538516.4305146718,313137.0874942316,-0.1343500174392548,-0.002058964907072955
2019-07-31,-0.01056148715227111,6,900,6.666666666666666e-4,-0.011228153818937776,0.013197642515305513,288038.57804341975,268023.5310735681,545623.5778532228,313137.0874942316,-0.1440696685968076,-0.02442579633424329
2019-08-31,-0.09530068,6,900,6.666666666666666e-4,-0.09596734666666666,-0.04132604112554113,260588.30568964875,242302.0239522069,523075.1154357956,313137.0874942316,-0.22621103143309262,-0.054641305541125534
2019-09-30,0.028754727777777777,6,900,6.666666666666666e-4,0.02808806111111111,0.026590478804347804,268081.45148182695,249107.8180083224,536983.933205873,313137.0874942316,-0.2044767995968816,0.0014975823067633065
2019-10-31,0.01145875,6,900,6.666666666666666e-4,0.010792083333333334,0.024244067235074194,271153.32981399435,251796.21033925307,550002.6077866707,313137.0874942316,-0.1958914469245311,-0.01345198390174086
2019-11-30,0.05142892777777778,6,900,6.666666666666666e-4,0.05076226111111111,0.06062225904077743,285098.4548297022,264577.9553152825,583345.0083490174,313137.0874942316,-0.15507307859163633,-0.009859997929666318
2019-12-31,0.039287531111111114,6,900,6.666666666666666e-4,0.038620864444444444,0.04167457305812059,296299.26924355386,274796.18466250226,607655.6625175484,313137.0874942316,-0.1224412704944623,-0.003053708613676147
2020-01-31,-0.06138810744346667,6,900,6.666666666666666e-4,-0.06205477411013334,-0.01944328232897257,278110.01786780986,257743.76949694415,595840.8419124208,313137.0874942316,-0.1768979792223042,-0.04261149178116077
2020-02-29,-0.07767590666666667,6,900,6.666666666666666e-4,-0.07834257333333333,-0.07609803949908173,256507.57007684486,237551.45933392004,550498.5219894033,313137.0874942316,-0.24138190964589568,-0.0022445338342516052
2020-03-31,-0.26102869152634667,6,900,6.666666666666666e-4,-0.2616953581930133,-0.18712559820859453,189551.7346930834,175385.3450942568,447486.1567491891,313137.0874942316,-0.43990874253281276,-0.07456975998441878
2020-04-30,0.22638265555555556,6,900,6.666666666666666e-4,0.22571598888888889,0.17710688465845464,232462.9597580657,214972.62169882603,526739.03589882294,313137.0874942316,-0.31348719048558527,0.04860910423043424
2020-05-31,0.08533661920673444,6,900,6.666666666666666e-4,0.08466995254006777,0.08796279545070301,252300.5628346102,233174.3433754796,573072.4739694915,313137.0874942316,-0.2553601834858511,-0.003292842910635238
2020-06-30,0.049716296666666666,6,900,6.666666666666666e-4,0.04904963,0.046661714575452866,264844.0124656627,244611.45864353984,599813.0181809047,313137.0874942316,-0.21883587600256416,0.002387915424547131
2020-07-31,0.035207322222222226,6,900,6.666666666666666e-4,0.034540655555555556,0.051715728178063136,274168.4609511675,253060.4987814884,630832.7851868119,313137.0874942316,-0.19185395506321135,-0.01717507262250758
2020-08-31,0.04214391111111111,6,900,6.666666666666666e-4,0.04147724444444444,0.0653515948771563,285722.9921989636,263556.7509486812,672058.7137995686,313137.0874942316,-0.15833428401055727,-0.023874350432711862
2020-09-30,-0.05578932,6,900,6.666666666666666e-4,-0.05645598666666667,-0.02394651939603907,269782.7007558181,248677.39453121249,655965.2467742902,313137.0874942316,-0.20585135245024766,-0.032509467270627604
2020-10-31,0.00905321,6,900,6.666666666666666e-4,0.008386543333333335,0.023549708485163977,272225.1002001277,250762.93827646895,671413.0371122233,313137.0874942316,-0.19919119040446354,-0.015163165151830643
2020-11-30,0.23707223333333333,6,900,6.666666666666666e-4,0.23640556666666665,0.19433389705882353,336762.11267396243,310044.69279871596,801891.3491503423,313137.0874942316,-0.009875529980371889,0.042071669607843115
2020-12-31,0.09839315777777778,6,900,6.666666666666666e-4,0.09772649111111112,0.09392999178252162,369897.20035986934,340344.2727135568,877212.9969865091,340344.2727135568,0,0.0037964993285894977
2021-01-31,0.05846217777777778,6,900,6.666666666666666e-4,0.05779551111111111,0.05898695306324112,391522.1962468104,360014.6439087762,928957.1188662173,360014.6439087762,0,-0.0011914419521300151
2021-02-28,0.12225230333333334,6,900,6.666666666666666e-4,0.12158563666666668,0.08122686259806897,439386.6865441083,403787.2535977481,1004413.3911198616,403787.2535977481,0,0.04035877406859771
2021-03-31,0.031348772222222224,6,900,6.666666666666666e-4,0.030682105555555558,0.026899910498020162,453160.91969805653,416176.2967346221,1031432.0214439987,416176.2967346221,0,0.003782195057535395
2021-04-30,0.01894337111111111,6,900,6.666666666666666e-4,0.018276704444444444,0.0377959768698854,461745.3151729492,423782.6279068242,1070416.0022693553,423782.6279068242,0,-0.019519272425440957
2021-05-31,0.03691341555555556,6,900,6.666666666666666e-4,0.03624674888888889,0.009519250927643778,478789.9118727592,439143.37040403625,1080605.5607919227,439143.37040403625,0,0.02672749796124511
2021-06-30,0.01810481,6,900,6.666666666666666e-4,0.017438143333333333,0.02558222433888984,487458.3122571324,446801.2154410249,1108249.8546699535,446801.2154410249,0,-0.008144081005556508
2021-07-31,-0.050343063333333334,6,900,6.666666666666666e-4,-0.05100973,-0.02460982412060302,462918.16757081175,424010.0060777064,1080976.020664842,446801.2154410249,-0.051009729999999975,-0.026399905879396984
2021-08-31,0.02996937222222222,6,900,6.666666666666666e-4,0.029302705555555555,0.03237439635929302,476791.5344431705,436434.64643841074,1115971.966812737,446801.2154410249,-0.02320174754310289,-0.003071690803737464
2021-09-30,-0.009485952970244446,6,900,6.666666666666666e-4,-0.010152619636911112,-0.028992927462178235,472268.7123708319,432003.69147675176,1083616.6725291112,446801.2154410249,-0.03311880866229722,0.018840307825267123
2021-10-31,0.02608991,6,900,6.666666666666666e-4,0.025423243333333335,0.05125775768374165,484590.1605724028,442986.62644606346,1139160.4333516709,446801.2154410249,-0.008537552860495623,-0.025834514350408313
2021-11-30,-0.03780060444444445,6,900,6.666666666666666e-4,-0.03846727111111112,-0.03647429374999999,466272.35959493555,425946.1397879662,1097610.3610772246,446801.2154410249,-0.046676407611096704,-0.001992977361111127
2021-12-31,0.020928803333333336,6,900,6.666666666666666e-4,0.02026213666666667,0.030391339502767536,476030.88210866717,434576.7186849891,1130968.2102024776,446801.2154410249,-0.027360034694555058,-0.010129202836100866
2022-01-31,-0.04231597213742222,6,900,6.666666666666666e-4,-0.04298263880408889,-0.08235393090397433,455887.1725648043,415897.4645530861,1037828.5323648714,446801.2154410249,-0.06916666700970053,0.03937129209988544
2022-02-28,0.02366177701058333,6,900,6.666666666666666e-4,0.022995110343916665,0.014209305200556896,466674.2731840181,425461.0726422395,1052575.3547270899,446801.2154410249,-0.04776205180579274,0.00878580514335977
2022-03-31,-0.005106871111111112,6,900,6.666666666666666e-4,-0.005773537777777779,0.020330814793862572,464291.0278199958,423004.6570663657,1073975.0693206305,446801.2154410249,-0.05325983357312558,-0.02610435257164035
2022-04-30,-0.08574782777777779,6,900,6.666666666666666e-4,-0.08641449444444445,-0.08532605152116485,424479.0807277194,386450.9234783301,982337.0172233318,446801.2154410249,-0.1350719064251532,-0.0010884429232796006
2022-05-31,0.024649984177724446,6,900,6.666666666666666e-4,0.02398331751105778,0.005334166784051907,434942.4833514327,395719.2986785524,987576.966711349,446801.2154410249,-0.11432806133271378,0.018649150727005872
2022-06-30,-0.10877406111111111,6,900,6.666666666666666e-4,-0.10944072777777777,-0.07322067454452189,387632.02308754553,352411.4906354598,915265.9150441112,446801.2154410249,-0.21125664287281698,-0.03622005323325589
2022-07-31,0.09998492222222222,6,900,6.666666666666666e-4,0.09931825555555555,0.1144025782057304,426389.3807667964,387412.38512310665,1019974.6954689843,446801.2154410249,-0.13292002856191254,-0.015084322650174842
2022-08-31,-0.01493744777777778,6,900,6.666666666666666e-4,-0.015604114444444445,-0.009990482126058332,420020.2116585934,381367.1579284505,1009784.6565048696,446801.2154410249,-0.14645004366871806,-0.005613632318386113
2022-09-30,-0.09155390278005555,6,900,6.666666666666666e-4,-0.09222056944672222,-0.08658357007473175,381565.7220347441,346197.26145601075,922353.8959379914,446801.2154410249,-0.22516490669281375,-0.00563699937199047
2022-10-31,0.12951453333333335,6,900,6.666666666666666e-4,0.12884786666666667,0.1102816878585086,430984.02846007043,390804.04004045995,1024072.6403849043,446801.2154410249,-0.12532905790171522,0.01856617880815807
2022-11-30,0.057250500518293335,6,900,6.666666666666666e-4,0.056583833851626665,0.042049659020523746,455658.0798047998,412917.2309106538,1067134.545725337,446801.2154410249,-0.07583682263918023,0.01453417483110292
2022-12-31,-0.06234619444444444,6,900,6.666666666666666e-4,-0.06301286111111111,-0.04721261272816971,427249.5325611076,386898.13478889613,1016752.3356891553,446801.2154410249,-0.13407098857822075,-0.015800248382941397
2023-01-31,0.10965077111111111,6,900,6.666666666666666e-4,0.10898410444444445,0.11144606182701829,474097.77326329483,429063.88152009,1130065.3793551342,446801.2154410249,-0.039698490755954885,-0.0024619573825738345
2023-02-28,-0.021327900987293334,6,900,6.666666666666666e-4,-0.02199456765396,-0.015157781849644116,463986.26289683906,419626.80695012567,1112936.0948590336,446801.2154410249,-0.06081990726922293,-0.0068367858043158845
2023-03-31,-0.10182373555555556,6,900,6.666666666666666e-4,-0.10249040222222222,-0.022452094311377242,416741.44836222084,376619.0867225805,1087948.3486947226,446801.2154410249,-0.15707685273230432,-0.08003830791084499
2023-04-30,-0.01973757308311,6,900,6.666666666666666e-4,-0.020404239749776665,-0.011152118361153264,408515.9835684104,368934.46058275097,1075815.419939258,446801.2154410249,-0.1742760587197908,-0.009252121388623401
2023-05-31,-0.05246863888888889,6,900,6.666666666666666e-4,-0.05313530555555556,-0.0013414702380650045,387081.70594622026,349331.01528971246,1074372.2455717581,446801.2154410249,-0.21815115264425222,-0.05179383531749056
2023-06-30,0.11811199,6,900,6.666666666666666e-4,0.11744532333333334,0.08794584760448522,432800.6965281231,390358.30933077435,1168858.8233513006,446801.2154410249,-0.1263266619687624,0.029499475728848118
2023-07-31,0.11749025222222223,6,900,6.666666666666666e-4,0.11682358555555557,0.06048847572238646,483650.55952516577,435961.3666782001,1239561.3119104828,446801.2154410249,-0.024261010015662388,0.056335109833169104
2023-08-31,-0.04475768222222222,6,900,6.666666666666666e-4,-0.04542434888888889,-0.03928235747625129,462003.48147533846,416158.1054561327,1190868.4213422842,446801.2154410249,-0.06858331832120312,-0.006141991412637597
2023-09-30,-0.051888974444444444,6,900,6.666666666666666e-4,-0.052555641111111114,-0.0532376737064414,438030.5946318203,394286.64942030027,1127469.3568995588,446801.2154410249,-0.11753451916841584,6.820325953302842e-4
2023-10-31,-0.07506507444444445,6,900,6.666666666666666e-4,-0.07573174111111111,-0.054790812318587116,405149.7954368384,364426.6349628346,1065694.3949707171,446801.2154410249,-0.18436516650224577,-0.020940928792523995
2023-11-30,0.11273509906200889,6,900,6.666666666666666e-4,0.11206843239534223,0.10701168579013953,450824.397760363,405267.3566662291,1179736.1487136362,446801.2154410249,-0.09295824930511642,0.005056746605202694
2023-12-31,0.15749815305667333,6,900,6.666666666666666e-4,0.15683148639000666,0.12122548398321711,521828.4077605072,468826.03859754273,1322750.2343139434,468826.03859754273,0,0.035606002406789544
2024-01-31,-0.05518615777777778,6,900,6.666666666666666e-4,-0.05585282444444445,-0.02027159837837838,493030.7029169093,442640.7801687698,1295935.9728090253,468826.03859754273,-0.055852824444444504,-0.03558122606606607
2024-02-29,0.025187311111111114,6,900,6.666666666666666e-4,0.024520644444444448,0.06374848974082073,505448.82061860734,453494.6173558997,1378549.933876402,468826.03859754273,-0.03270172724942022,-0.03922784529637628
2024-03-31,0.029324836666666666,6,900,6.666666666666666e-4,0.02865817,0.04314902841269841,520271.0247266073,466490.94319417,1438033.0241415584,468826.03859754273,-0.004980728908227872,-0.014490858412698409
2024-04-30,-0.07906698888888888,6,900,6.666666666666666e-4,-0.07973365555555555,-0.05721791428571429,479134.7613953379,429295.9150097398,1355751.7738262003,468826.03859754273,-0.0843172527405992,-0.02251574126984126
2024-05-31,0.051101485555555555,6,900,6.666666666666666e-4,0.050434818888888885,0.049167415841584156,503619.25948394625,450947.3767329958,1422410.5850678785,468826.03859754273,-0.03813495922289123,0.0012674030473047299
2024-06-30,-0.02309740888888889,6,900,6.666666666666666e-4,-0.023764075555555556,-0.005569143327841844,491986.95952332614,440231.0292007333,1414488.976648596,468826.03859754273,-0.06099279272616609,-0.018194932227713713
2024-07-31,0.10603439371665332,6,900,6.666666666666666e-4,0.10536772704998666,0.08048961737112541,544154.4984928817,486617.1721244909,1528340.6531547161,486617.1721244909,0,0.024878109678861254
2024-08-31,-0.029883874444444448,6,900,6.666666666666666e-4,-0.030550541111111114,0.0045855868493150645,527893.0537815408,471750.754202129,1535348.991955096,486617.1721244909,-0.030550541111111107,-0.03513612796042618
2024-09-30,0.012927841111111112,6,900,6.666666666666666e-4,0.012261174444444446,0.018258814122728076,534717.5713044878,477534.97249369964,1563382.6438127216,486617.1721244909,-0.018663952180602017,-0.00599763967828363
2024-10-31,-0.012245319999999999,6,900,6.666666666666666e-4,-0.012911986666666665,0.0022351149237472717,528169.7835342415,471369.04729599395,1566876.9836914346,486617.1721244909,-0.03133495014556542,-0.015147101590413936
2024-11-30,0.10730203333333334,6,900,6.666666666666666e-4,0.10663536666666668,0.11525730517425678,584843.4752526921,521633.6584897196,1747471.0023712772,521633.6584897196,0,-0.008621938507590104
2024-12-31,-0.07050434111111112,6,900,6.666666666666666e-4,-0.07117100777777778,-0.06253401672240802,543609.4713768687,484508.4653241971,1638194.6214870687,521633.6584897196,-0.07117100777777785,-0.008636991055369761
2025-01-31,0,6,900,6.666666666666666e-4,-6.666666666666666e-4,NA,543609.4713768687,484185.4596806476,NA,521633.6584897196,-0.07179022710592597,NA
