model,form_date,ic
elastic_net,2010-01-31,0.05766183852764049
elastic_net,2010-02-28,0.04433321237915486
elastic_net,2010-03-31,0.032380553417101936
elastic_net,2010-04-30,0.04682436601637987
elastic_net,2010-05-31,0.04038857236012329
elastic_net,2010-06-30,0.05568601427041146
elastic_net,2010-07-31,0.048882512402734064
elastic_net,2010-08-31,0.06548968071805127
elastic_net,2010-09-30,0.12754425332447542
elastic_net,2010-10-31,0.07920799505891606
elastic_net,2010-11-30,0.09702359968274599
elastic_net,2010-12-31,0.17366763809458877
elastic_net,2011-01-31,0.06767448607934333
elastic_net,2011-02-28,0.07621078088207216
elastic_net,2011-03-31,0.054824061568444535
elastic_net,2011-04-30,0.056121409100228566
elastic_net,2011-05-31,0.07076790305388335
elastic_net,2011-06-30,0.036590971769113585
elastic_net,2011-07-31,0.0687664201821892
elastic_net,2011-08-31,0.06843975635992443
elastic_net,2011-09-30,0.06524052644309425
elastic_net,2011-10-31,0.09386748893246898
elastic_net,2011-11-30,0.09902356870454146
elastic_net,2011-12-31,0.08190580892793359
elastic_net,2012-01-31,0.0663651765228986
elastic_net,2012-02-29,0.09917512004617546
elastic_net,2012-03-31,0.11607024824330474
elastic_net,2012-04-30,0.15729369520742922
elastic_net,2012-05-31,0.1861029722521265
elastic_net,2012-06-30,0.15901547317267806
elastic_net,2012-07-31,0.17765995825089012
elastic_net,2012-08-31,0.1199769871897368
elastic_net,2012-09-30,0.11218524662610237
elastic_net,2012-10-31,0.0870217281970794
elastic_net,2012-11-30,0.07656687872359022
elastic_net,2012-12-31,0.05781621545751403
elastic_net,2013-01-31,0.0272194934454902
elastic_net,2013-02-28,0.03419329600109521
elastic_net,2013-03-31,0.08736169906422653
elastic_net,2013-04-30,0.13961872736799136
elastic_net,2013-05-31,0.11779055171233167
elastic_net,2013-06-30,0.10977830380591042
elastic_net,2013-07-31,0.09072392777826825
elastic_net,2013-08-31,0.11730543408576834
elastic_net,2013-09-30,0.11434545654685593
elastic_net,2013-10-31,0.08092600115349849
elastic_net,2013-11-30,0.08465349748957862
elastic_net,2013-12-31,0.10950760682872328
elastic_net,2014-01-31,0.13760984157014106
elastic_net,2014-02-28,0.1455316296773432
elastic_net,2014-03-31,0.058040648416732336
elastic_net,2014-04-30,-0.011289053052413546
elastic_net,2014-05-31,-0.007557714701061361
elastic_net,2014-06-30,0.020322491485625847
elastic_net,2014-07-31,0.017368671605154856
elastic_net,2014-08-31,0.056171258139699726
elastic_net,2014-09-30,0.1101578312929321
elastic_net,2014-10-31,0.10593743486753616
elastic_net,2014-11-30,0.061113897422583115
elastic_net,2014-12-31,0.04761168881265727
elastic_net,2015-01-31,0.007130102857751382
elastic_net,2015-02-28,0.06385394510569106
elastic_net,2015-03-31,0.05779026396598305
elastic_net,2015-04-30,0.04408647725451373
elastic_net,2015-05-31,0.03500560631474506
elastic_net,2015-06-30,0.08021072226948776
elastic_net,2015-07-31,0.11631590990033411
elastic_net,2015-08-31,0.06481438139132578
elastic_net,2015-09-30,0.08760386498109432
elastic_net,2015-10-31,0.04298978165713929
elastic_net,2015-11-30,0.18010214849503997
elastic_net,2015-12-31,0.22762418641973006
elastic_net,2016-01-31,0.1493806635303315
elastic_net,2016-02-29,0.11223080153489412
elastic_net,2016-03-31,0.04856019933476292
elastic_net,2016-04-30,0.06856463375645144
elastic_net,2016-05-31,0.03553852765900226
elastic_net,2016-06-30,0.04586865809152972
elastic_net,2016-07-31,0.06497938322420471
elastic_net,2016-08-31,0.015225967206963228
elastic_net,2016-09-30,0.07716895746493878
elastic_net,2016-10-31,0.010881974955660987
elastic_net,2016-11-30,-0.021081654588061164
elastic_net,2016-12-31,-0.04180736647704459
elastic_net,2017-01-31,-0.024777246682495993
elastic_net,2017-02-28,-0.04645455198920071
elastic_net,2017-03-31,-0.024280730723852964
elastic_net,2017-04-30,-0.05005237332669351
elastic_net,2017-05-31,-0.05647161646645873
elastic_net,2017-06-30,-0.07457014790611459
elastic_net,2017-07-31,-0.023137495321411964
elastic_net,2017-08-31,-0.02782041361780998
elastic_net,2017-09-30,-0.02478678260767674
elastic_net,2017-10-31,0.023154273286120883
elastic_net,2017-11-30,0.003243139762207235
elastic_net,2017-12-31,-0.012961767306382356
elastic_net,2018-01-31,0.00347682489475914
elastic_net,2018-02-28,-0.0062112301826380435
elastic_net,2018-03-31,-0.08046764262139668
elastic_net,2018-04-30,-0.05449773927139991
elastic_net,2018-05-31,-0.01248433180421845
elastic_net,2018-06-30,0.0033173887469920317
elastic_net,2018-07-31,0.004603073089514092
elastic_net,2018-08-31,0.05656071162503181
elastic_net,2018-09-30,0.12969295832502337
elastic_net,2018-10-31,0.06615833962491557
elastic_net,2018-11-30,0.02053400876457829
elastic_net,2018-12-31,0.029023115968206344
elastic_net,2019-01-31,-0.018648606438795835
elastic_net,2019-02-28,-0.045501936243172
elastic_net,2019-03-31,-0.07342947909067539
elastic_net,2019-04-30,-0.1586262596633682
elastic_net,2019-05-31,-0.19084866787356353
elastic_net,2019-06-30,-0.22316989718359506
elastic_net,2019-07-31,-0.24435228567017048
elastic_net,2019-08-31,-0.2240429980718024
elastic_net,2019-09-30,-0.3309906808150815
elastic_net,2019-10-31,-0.32763896718344643
elastic_net,2019-11-30,-0.3030110901192267
elastic_net,2019-12-31,-0.304028897754487
elastic_net,2020-01-31,-0.24965943455500939
elastic_net,2020-02-29,-0.1436685047871394
elastic_net,2020-03-31,0.05531875361915323
elastic_net,2020-04-30,0.10626853186222535
elastic_net,2020-05-31,0.24153891570337183
elastic_net,2020-06-30,0.17822922511206066
elastic_net,2020-07-31,0.22862522708810581
elastic_net,2020-08-31,0.24511888494958398
elastic_net,2020-09-30,0.308524688326521
elastic_net,2020-10-31,0.287745071303135
elastic_net,2020-11-30,0.3302190551496965
elastic_net,2020-12-31,0.4054632786865438
elastic_net,2021-01-31,0.544026872394759
elastic_net,2021-02-28,0.5039819284275954
elastic_net,2021-03-31,0.38082374893912635
elastic_net,2021-04-30,0.4560046500800823
elastic_net,2021-05-31,0.4764361517344186
elastic_net,2021-06-30,0.5386263264373985
elastic_net,2021-07-31,0.49314635163589393
elastic_net,2021-08-31,0.4735262463064926
elastic_net,2021-09-30,0.4587233446239448
elastic_net,2021-10-31,0.47041876132773164
elastic_net,2021-11-30,0.45833008681431553
elastic_net,2021-12-31,0.44602379043114093
elastic_net,2022-01-31,NA
elastic_net,2022-02-28,NA
elastic_net,2022-03-31,NA
elastic_net,2022-04-30,NA
elastic_net,2022-05-31,NA
elastic_net,2022-06-30,NA
elastic_net,2022-07-31,NA
elastic_net,2022-08-31,NA
elastic_net,2022-09-30,NA
elastic_net,2022-10-31,NA
elastic_net,2022-11-30,NA
elastic_net,2022-12-31,NA
elastic_net,2023-01-31,0.04530308239805156
elastic_net,2023-02-28,0.009314445828837952
elastic_net,2023-03-31,0.08690854135776598
elastic_net,2023-04-30,0.06804751620193898
elastic_net,2023-05-31,0.14139327516037384
elastic_net,2023-06-30,0.06457335524530305
elastic_net,2023-07-31,0.056397157281213466
elastic_net,2023-08-31,0.028991880597521683
elastic_net,2023-09-30,0.006106285957533387
elastic_net,2023-10-31,-0.003742304034898234
elastic_net,2023-11-30,0.01308435901302528
elastic_net,2023-12-31,-0.0162863777322043
random_forest,2010-01-31,0.08950495309333215
random_forest,2010-02-28,0.0827746360454351
random_forest,2010-03-31,0.024847797776067153
random_forest,2010-04-30,0.032243560807561654
random_forest,2010-05-31,0.04316994293920851
random_forest,2010-06-30,0.07754642622445523
random_forest,2010-07-31,0.046662467958659325
random_forest,2010-08-31,0.027690900678253416
random_forest,2010-09-30,0.027669468215308624
random_forest,2010-10-31,0.01125436517136512
random_forest,2010-11-30,0.039329718408946536
random_forest,2010-12-31,0.07446741417474609
random_forest,2011-01-31,-0.0015182306631460918
random_forest,2011-02-28,0.13756738961921652
random_forest,2011-03-31,0.13640577224798214
random_forest,2011-04-30,0.13366308474150354
random_forest,2011-05-31,0.1458372743582873
random_forest,2011-06-30,0.11113983944900503
random_forest,2011-07-31,0.14809847084718497
random_forest,2011-08-31,0.09769578309494276
random_forest,2011-09-30,0.07960616993788501
random_forest,2011-10-31,0.14308507406240967
random_forest,2011-11-30,0.12120095605817946
random_forest,2011-12-31,0.07691703927201354
random_forest,2012-01-31,0.09311619094644555
random_forest,2012-02-29,0.0350094322177456
random_forest,2012-03-31,0.12686318203534772
random_forest,2012-04-30,0.17367104105153391
random_forest,2012-05-31,0.16540579489603474
random_forest,2012-06-30,0.13700526920369357
random_forest,2012-07-31,0.15094429565182765
random_forest,2012-08-31,0.10488820245097309
random_forest,2012-09-30,0.09062593969535535
random_forest,2012-10-31,0.048440080295923414
random_forest,2012-11-30,0.04252153487217419
random_forest,2012-12-31,0.04400627231174724
random_forest,2013-01-31,0.05303975769053626
random_forest,2013-02-28,0.05311293073058864
random_forest,2013-03-31,0.099908723566106
random_forest,2013-04-30,0.1344094975869897
random_forest,2013-05-31,0.08814796137781707
random_forest,2013-06-30,0.10519966222656499
random_forest,2013-07-31,0.06947139708907495
random_forest,2013-08-31,0.08020732859307102
random_forest,2013-09-30,0.06370599818616282
random_forest,2013-10-31,0.06207551887500684
random_forest,2013-11-30,0.0630343508318701
random_forest,2013-12-31,0.07481804838863308
random_forest,2014-01-31,0.07415818792214118
random_forest,2014-02-28,0.06615607585473694
random_forest,2014-03-31,-0.003595212117514933
random_forest,2014-04-30,-0.06400257526464426
random_forest,2014-05-31,-0.07006085086535073
random_forest,2014-06-30,-0.04936727322117633
random_forest,2014-07-31,-0.08500730637619586
random_forest,2014-08-31,-0.050382924290966434
random_forest,2014-09-30,-0.037079068636940306
random_forest,2014-10-31,-0.03199267471122219
random_forest,2014-11-30,-0.08043125359474954
random_forest,2014-12-31,-0.09741310239419346
random_forest,2015-01-31,-0.01406976016182848
random_forest,2015-02-28,0.00573933473949544
random_forest,2015-03-31,-0.012887488866565539
random_forest,2015-04-30,-0.014444182618348782
random_forest,2015-05-31,-0.020948710410679184
random_forest,2015-06-30,0.008468854609623827
random_forest,2015-07-31,0.05886146473552333
random_forest,2015-08-31,0.023930353313715562
random_forest,2015-09-30,0.07790351329851737
random_forest,2015-10-31,0.049451924194052484
random_forest,2015-11-30,0.17848434682383352
random_forest,2015-12-31,0.231385847040664
random_forest,2016-01-31,0.147637277983172
random_forest,2016-02-29,0.08880096657606062
random_forest,2016-03-31,0.04038109623536206
random_forest,2016-04-30,-0.020869923779932586
random_forest,2016-05-31,-0.058819785958894574
random_forest,2016-06-30,-0.029707003741912492
random_forest,2016-07-31,-0.041724803192323225
random_forest,2016-08-31,-0.09478700861974744
random_forest,2016-09-30,-0.055328156571362676
random_forest,2016-10-31,-0.09031386768863599
random_forest,2016-11-30,-0.1298297445880153
random_forest,2016-12-31,-0.08742765045010965
random_forest,2017-01-31,-0.09754987945153874
random_forest,2017-02-28,-0.11865356411414327
random_forest,2017-03-31,-0.06264015916738618
random_forest,2017-04-30,-0.05960075979947458
random_forest,2017-05-31,-0.009275549706967312
random_forest,2017-06-30,-0.03786147458987687
random_forest,2017-07-31,-0.022946056240746384
random_forest,2017-08-31,-0.025613587798024664
random_forest,2017-09-30,-0.038521375554745094
random_forest,2017-10-31,0.009287189728818316
random_forest,2017-11-30,-0.024357601810531454
random_forest,2017-12-31,-0.06424106773830493
random_forest,2018-01-31,-0.05540261130754663
random_forest,2018-02-28,-0.06887097004600846
random_forest,2018-03-31,-0.15288419855924462
random_forest,2018-04-30,-0.13045111550387395
random_forest,2018-05-31,-0.10715766980144376
random_forest,2018-06-30,-0.1004323747137246
random_forest,2018-07-31,-0.11525999265338292
random_forest,2018-08-31,-0.08412938391395575
random_forest,2018-09-30,0.012730622817930736
random_forest,2018-10-31,-0.014928831356586422
random_forest,2018-11-30,-0.029561846440351532
random_forest,2018-12-31,-9.01432778331628e-4
random_forest,2019-01-31,-0.10585908048651914
random_forest,2019-02-28,-0.1317424161565692
random_forest,2019-03-31,-0.21851083463910637
random_forest,2019-04-30,-0.2384964228852364
random_forest,2019-05-31,-0.2291175342884274
random_forest,2019-06-30,-0.2458594760218776
random_forest,2019-07-31,-0.2508986472666605
random_forest,2019-08-31,-0.21232928218648142
random_forest,2019-09-30,-0.30304071821166856
random_forest,2019-10-31,-0.3012481824924984
random_forest,2019-11-30,-0.27348325395283246
random_forest,2019-12-31,-0.27625933751479215
random_forest,2020-01-31,-0.15072638641671235
random_forest,2020-02-29,-0.0505829646859656
random_forest,2020-03-31,0.2318360793757154
random_forest,2020-04-30,0.20024913971023445
random_forest,2020-05-31,0.3070493975019302
random_forest,2020-06-30,0.255064330348312
random_forest,2020-07-31,0.27106231712059636
random_forest,2020-08-31,0.29204852865020187
random_forest,2020-09-30,0.35135920930139525
random_forest,2020-10-31,0.3289243063596252
random_forest,2020-11-30,0.3266201801431452
random_forest,2020-12-31,0.3839126504471734
random_forest,2021-01-31,0.3955400708018776
random_forest,2021-02-28,0.38686532973097143
random_forest,2021-03-31,0.3267972489093816
random_forest,2021-04-30,0.4047563195855887
random_forest,2021-05-31,0.396723128373538
random_forest,2021-06-30,0.4171780670010908
random_forest,2021-07-31,0.3992387652605239
random_forest,2021-08-31,0.3818764979172478
random_forest,2021-09-30,0.34793735683636495
random_forest,2021-10-31,0.38259101539419044
random_forest,2021-11-30,0.3729440982614082
random_forest,2021-12-31,0.3448460715818328
random_forest,2022-01-31,0.2194785213759501
random_forest,2022-02-28,0.2526037150577484
random_forest,2022-03-31,0.2673856320481062
random_forest,2022-04-30,0.17762360218625964
random_forest,2022-05-31,0.015690163036631212
random_forest,2022-06-30,0.060544165256176674
random_forest,2022-07-31,0.10456131190177535
random_forest,2022-08-31,0.17500201146266312
random_forest,2022-09-30,0.20532350679767492
random_forest,2022-10-31,0.18199478909023153
random_forest,2022-11-30,0.09469117500232259
random_forest,2022-12-31,0.0800903509639642
random_forest,2023-01-31,0.10425233029023889
random_forest,2023-02-28,0.05407599299058065
random_forest,2023-03-31,0.20829348766286054
random_forest,2023-04-30,0.20368824428944365
random_forest,2023-05-31,0.2913822647628313
random_forest,2023-06-30,0.2088193862730286
random_forest,2023-07-31,0.1395464427262818
random_forest,2023-08-31,0.09000973115810786
random_forest,2023-09-30,0.0517351406104823
random_forest,2023-10-31,0.014061543470913105
random_forest,2023-11-30,-0.011336716354606213
random_forest,2023-12-31,-0.03594077891167475
xgboost,2010-01-31,0.06258838764371864
xgboost,2010-02-28,0.07377789198611807
xgboost,2010-03-31,0.020343948358401164
xgboost,2010-04-30,0.017922997842614793
xgboost,2010-05-31,0.01873977896833079
xgboost,2010-06-30,0.059881063277511755
xgboost,2010-07-31,0.03531509117250526
xgboost,2010-08-31,0.02385465523196096
xgboost,2010-09-30,0.0345787492472809
xgboost,2010-10-31,0.02138984426819008
xgboost,2010-11-30,0.03450215920911193
xgboost,2010-12-31,0.08690852842293147
xgboost,2011-01-31,0.022277751013051413
xgboost,2011-02-28,0.1745903919895741
xgboost,2011-03-31,0.18023238187356413
xgboost,2011-04-30,0.18710578475359144
xgboost,2011-05-31,0.20575241638928446
xgboost,2011-06-30,0.16221775285310414
xgboost,2011-07-31,0.17857658552328434
xgboost,2011-08-31,0.08233718468859326
xgboost,2011-09-30,0.06560891463300324
xgboost,2011-10-31,0.13553544919798222
xgboost,2011-11-30,0.09443940344263921
xgboost,2011-12-31,0.03676230837181719
xgboost,2012-01-31,0.1054192252628773
xgboost,2012-02-29,0.008864208196011008
xgboost,2012-03-31,0.10330379804614648
xgboost,2012-04-30,0.12014313525433017
xgboost,2012-05-31,0.058101244635127065
xgboost,2012-06-30,0.05967535396319847
xgboost,2012-07-31,0.04296659752116549
xgboost,2012-08-31,0.04314051431929
xgboost,2012-09-30,0.014054349119246155
xgboost,2012-10-31,-0.02699200075458149
xgboost,2012-11-30,-0.024418115295236763
xgboost,2012-12-31,-0.001911171429755849
xgboost,2013-01-31,0.043779123481625985
xgboost,2013-02-28,0.04220113792335079
xgboost,2013-03-31,0.08742748917867305
xgboost,2013-04-30,0.10575853385518205
xgboost,2013-05-31,0.04928409667861299
xgboost,2013-06-30,0.07921802303024637
xgboost,2013-07-31,0.04042648411452532
xgboost,2013-08-31,0.05202603023722278
xgboost,2013-09-30,0.03123386380953412
xgboost,2013-10-31,0.049331539464355624
xgboost,2013-11-30,0.06414383732264871
xgboost,2013-12-31,0.06864957748208023
xgboost,2014-01-31,0.051745226657991424
xgboost,2014-02-28,0.03751314523163538
xgboost,2014-03-31,-0.023603149717494106
xgboost,2014-04-30,-0.08264516232594725
xgboost,2014-05-31,-0.0748799160015205
xgboost,2014-06-30,-0.054877449070919154
xgboost,2014-07-31,-0.07967549826871864
xgboost,2014-08-31,-0.06555678477972603
xgboost,2014-09-30,-0.06905403485919773
xgboost,2014-10-31,-0.04772592300230278
xgboost,2014-11-30,-0.08987969978693491
xgboost,2014-12-31,-0.13133445839312474
xgboost,2015-01-31,0.012493839504433989
xgboost,2015-02-28,0.03337663215457213
xgboost,2015-03-31,0.16203326792410339
xgboost,2015-04-30,0.16773169110950023
xgboost,2015-05-31,0.16651509167703213
xgboost,2015-06-30,0.16695242177966793
xgboost,2015-07-31,0.15658259797738006
xgboost,2015-08-31,0.13551630564622835
xgboost,2015-09-30,0.1075147167153641
xgboost,2015-10-31,0.015206209402037674
xgboost,2015-11-30,0.1362325694219394
xgboost,2015-12-31,0.19253469253361233
xgboost,2016-01-31,0.1076597637242612
xgboost,2016-02-29,0.07092332770728388
xgboost,2016-03-31,0.041629699712025986
xgboost,2016-04-30,-0.013925104208380718
xgboost,2016-05-31,-0.044213555006269195
xgboost,2016-06-30,-0.014532126089517865
xgboost,2016-07-31,-0.03144710743099898
xgboost,2016-08-31,-0.09086861581665433
xgboost,2016-09-30,-0.024975769220218397
xgboost,2016-10-31,-0.04817096330630703
xgboost,2016-11-30,-0.07881845175900465
xgboost,2016-12-31,-0.043375494207450155
xgboost,2017-01-31,-0.06802245930295149
xgboost,2017-02-28,-0.09137784760428912
xgboost,2017-03-31,-0.019523890055394157
xgboost,2017-04-30,-0.04138567779026763
xgboost,2017-05-31,0.02620034753564805
xgboost,2017-06-30,-0.014221140545862068
xgboost,2017-07-31,-0.006887221589849869
xgboost,2017-08-31,-0.017579856331089272
xgboost,2017-09-30,-0.03569079965242233
xgboost,2017-10-31,8.600595628833085e-4
xgboost,2017-11-30,-0.04409975148838032
xgboost,2017-12-31,-0.09983776793425024
xgboost,2018-01-31,-0.02323216034900362
xgboost,2018-02-28,-0.04440839784620967
xgboost,2018-03-31,-0.12616178630665623
xgboost,2018-04-30,-0.10780393239859709
xgboost,2018-05-31,-0.1161904318019081
xgboost,2018-06-30,-0.10850396056844437
xgboost,2018-07-31,-0.10013848985553626
xgboost,2018-08-31,-0.0782435788248443
xgboost,2018-09-30,-0.010496538544683872
xgboost,2018-10-31,-0.028893623906171628
xgboost,2018-11-30,-0.03919230062702511
xgboost,2018-12-31,-0.005023498482863292
xgboost,2019-01-31,-0.10328597670741974
xgboost,2019-02-28,-0.12773142813693336
xgboost,2019-03-31,-0.19443411545102338
xgboost,2019-04-30,-0.2007293493504752
xgboost,2019-05-31,-0.19588086068112587
xgboost,2019-06-30,-0.2042561099650744
xgboost,2019-07-31,-0.20816725463255412
xgboost,2019-08-31,-0.16874512013830034
xgboost,2019-09-30,-0.23271441789726183
xgboost,2019-10-31,-0.24551687581404452
xgboost,2019-11-30,-0.23405742220926315
xgboost,2019-12-31,-0.222515245953994
xgboost,2020-01-31,-0.13961441123519044
xgboost,2020-02-29,-0.04477215899937536
xgboost,2020-03-31,0.2285263370586656
xgboost,2020-04-30,0.1951941463287341
xgboost,2020-05-31,0.2839786150512056
xgboost,2020-06-30,0.25701463176934736
xgboost,2020-07-31,0.2749402204662185
xgboost,2020-08-31,0.28717768306364033
xgboost,2020-09-30,0.34776485624088793
xgboost,2020-10-31,0.32482658560327926
xgboost,2020-11-30,0.3024269955404738
xgboost,2020-12-31,0.34881282739928327
xgboost,2021-01-31,0.31756163773005525
xgboost,2021-02-28,0.31935371563895293
xgboost,2021-03-31,0.26316259237859085
xgboost,2021-04-30,0.3491869437310119
xgboost,2021-05-31,0.3205943130962212
xgboost,2021-06-30,0.3571827846995878
xgboost,2021-07-31,0.33845221851747936
xgboost,2021-08-31,0.3158578274261751
xgboost,2021-09-30,0.2967209012815845
xgboost,2021-10-31,0.3341493594690639
xgboost,2021-11-30,0.33477925013200344
xgboost,2021-12-31,0.2941903776279106
xgboost,2022-01-31,0.21195421719727722
xgboost,2022-02-28,0.23304521561191957
xgboost,2022-03-31,0.2690655971878119
xgboost,2022-04-30,0.18978581305822023
xgboost,2022-05-31,0.036133346602131786
xgboost,2022-06-30,0.06896310889537424
xgboost,2022-07-31,0.11506093941245198
xgboost,2022-08-31,0.1806506082419569
xgboost,2022-09-30,0.21070016789748633
xgboost,2022-10-31,0.1896480250647623
xgboost,2022-11-30,0.09277636747860406
xgboost,2022-12-31,0.05630007847236806
xgboost,2023-01-31,0.11833188029547752
xgboost,2023-02-28,0.06610894919766215
xgboost,2023-03-31,0.19952787812807601
xgboost,2023-04-30,0.19983717332143114
xgboost,2023-05-31,0.2996271009961963
xgboost,2023-06-30,0.24321049569591688
xgboost,2023-07-31,0.09371740701182213
xgboost,2023-08-31,0.05800755291946297
xgboost,2023-09-30,0.025824202651184913
xgboost,2023-10-31,0.01677746669167234
xgboost,2023-11-30,-0.013005150280474949
xgboost,2023-12-31,-0.029730453570196103
