x1,x2,yhat
0.05,0.05,0.06343904970993373
0.05,0.1318181818181818,0.06343904970993373
0.05,0.21363636363636362,0.06343794512038213
0.05,0.2954545454545454,0.06343794512038213
0.05,0.3772727272727272,0.06337067092887827
0.05,0.459090909090909,0.06478738465785876
0.05,0.5409090909090909,0.06722041225826257
0.05,0.6227272727272727,0.06664558985288005
0.05,0.7045454545454545,0.061003688999431746
0.05,0.7863636363636363,0.06270439082594373
0.05,0.868181818181818,0.06413936253252157
0.05,0.95,0.0727226886968857
0.1318181818181818,0.05,0.060437773249661333
0.1318181818181818,0.1318181818181818,0.060437773249661333
0.1318181818181818,0.21363636363636362,0.060436668660109764
0.1318181818181818,0.2954545454545454,0.060436668660109764
0.1318181818181818,0.3772727272727272,0.06036939446742674
0.1318181818181818,0.459090909090909,0.06178610812733325
0.1318181818181818,0.5409090909090909,0.06421913546260849
0.1318181818181818,0.6227272727272727,0.06364431298214199
0.1318181818181818,0.7045454545454545,0.05867119217207261
0.1318181818181818,0.7863636363636363,0.06037189361157661
0.1318181818181818,0.868181818181818,0.06139794473691994
0.1318181818181818,0.95,0.06623875881218387
0.21363636363636362,0.05,0.059649406854987846
0.21363636363636362,0.1318181818181818,0.059649406854987846
0.21363636363636362,0.21363636363636362,0.05964830226543592
0.21363636363636362,0.2954545454545454,0.05964830226543592
0.21363636363636362,0.3772727272727272,0.059581028073684476
0.21363636363636362,0.459090909090909,0.06099774166304329
0.21363636363636362,0.5409090909090909,0.0634307689598735
0.21363636363636362,0.6227272727272727,0.062855946497735
0.21363636363636362,0.7045454545454545,0.05879433617329587
0.21363636363636362,0.7863636363636363,0.060495037632688695
0.21363636363636362,0.868181818181818,0.06152108875678116
0.21363636363636362,0.95,0.06505764019173337
0.2954545454545454,0.05,0.059618923951704754
0.2954545454545454,0.1318181818181818,0.059618923951704754
0.2954545454545454,0.21363636363636362,0.0596178193621532
0.2954545454545454,0.2954545454545454,0.0596178193621532
0.2954545454545454,0.3772727272727272,0.05955054517063461
0.2954545454545454,0.459090909090909,0.06096725881912481
0.2954545454545454,0.5409090909090909,0.06340028603003399
0.2954545454545454,0.6227272727272727,0.06282546361233715
0.2954545454545454,0.7045454545454545,0.05876385325041894
0.2954545454545454,0.7863636363636363,0.06046455472542578
0.2954545454545454,0.868181818181818,0.061490605850281835
0.2954545454545454,0.95,0.06502715727065338
0.3772727272727272,0.05,0.05925638356289738
0.3772727272727272,0.1318181818181818,0.05925638356289738
0.3772727272727272,0.21363636363636362,0.059255278973345774
0.3772727272727272,0.2954545454545454,0.059255278973345774
0.3772727272727272,0.3772727272727272,0.059188004777505285
0.3772727272727272,0.459090909090909,0.06060471843217988
0.3772727272727272,0.5409090909090909,0.06303774559675784
0.3772727272727272,0.6227272727272727,0.062462923182844604
0.3772727272727272,0.7045454545454545,0.05837086714019652
0.3772727272727272,0.7863636363636363,0.06007156862602992
0.3772727272727272,0.868181818181818,0.060302310810531806
0.3772727272727272,0.95,0.06383886222310495
0.459090909090909,0.05,0.058668810505543983
0.459090909090909,0.1318181818181818,0.058668810505543983
0.459090909090909,0.21363636363636362,0.05866770591599254
0.459090909090909,0.2954545454545454,0.05866770591599254
0.459090909090909,0.3772727272727272,0.05860043171782332
0.459090909090909,0.459090909090909,0.060017145478370795
0.459090909090909,0.5409090909090909,0.062450172554983446
0.459090909090909,0.6227272727272727,0.06187535013976759
0.459090909090909,0.7045454545454545,0.0577832940643258
0.459090909090909,0.7863636363636363,0.05905034484754285
0.459090909090909,0.868181818181818,0.05928108688196517
0.459090909090909,0.95,0.06247726452678575
0.5409090909090909,0.05,0.058300320372597136
0.5409090909090909,0.1318181818181818,0.058300320372597136
0.5409090909090909,0.21363636363636362,0.05829921578304556
0.5409090909090909,0.2954545454545454,0.05829921578304556
0.5409090909090909,0.3772727272727272,0.05823194158877661
0.5409090909090909,0.459090909090909,0.05964865535951012
0.5409090909090909,0.5409090909090909,0.06208168252998639
0.5409090909090909,0.6227272727272727,0.061506859929899245
0.5409090909090909,0.7045454545454545,0.05741480390576006
0.5409090909090909,0.7863636363636363,0.0586818546755822
0.5409090909090909,0.868181818181818,0.05891259675323078
0.5409090909090909,0.95,0.06210877427575734
0.6227272727272727,0.05,0.05608974351597534
0.6227272727272727,0.1318181818181818,0.05608974351597534
0.6227272727272727,0.21363636363636362,0.05608863892642377
0.6227272727272727,0.2954545454545454,0.05608863892642377
0.6227272727272727,0.3772727272727272,0.05602136473361006
0.6227272727272727,0.459090909090909,0.05743807856205661
0.6227272727272727,0.5409090909090909,0.0598711058757859
0.6227272727272727,0.6227272727272727,0.05929628348733096
0.6227272727272727,0.7045454545454545,0.053848654975738666
0.6227272727272727,0.7863636363636363,0.05511570521033214
0.6227272727272727,0.868181818181818,0.05464004754070943
0.6227272727272727,0.95,0.05778235953911839
0.7045454545454545,0.05,0.05453624674651696
0.7045454545454545,0.1318181818181818,0.05453624674651696
0.7045454545454545,0.21363636363636362,0.054535142156965394
0.7045454545454545,0.2954545454545454,0.054535142156965394
0.7045454545454545,0.3772727272727272,0.052476956078396225
0.7045454545454545,0.459090909090909,0.05274916511078335
0.7045454545454545,0.5409090909090909,0.05518219271993985
0.7045454545454545,0.6227272727272727,0.05460737031529792
0.7045454545454545,0.7045454545454545,0.049311367188391186
0.7045454545454545,0.7863636363636363,0.050223405600401595
0.7045454545454545,0.868181818181818,0.04845986939181785
0.7045454545454545,0.95,0.04822620488184753
0.7863636363636363,0.05,0.03976025958188997
0.7863636363636363,0.1318181818181818,0.03976025958188997
0.7863636363636363,0.21363636363636362,0.039759154992338265
0.7863636363636363,0.2954545454545454,0.039759154992338265
0.7863636363636363,0.3772727272727272,0.03770096857217214
0.7863636363636363,0.459090909090909,0.03683261265404696
0.7863636363636363,0.5409090909090909,0.03564305337838215
0.7863636363636363,0.6227272727272727,0.03249224471541664
0.7863636363636363,0.7045454545454545,0.025934211398180196
0.7863636363636363,0.7863636363636363,0.030974951785560215
0.7863636363636363,0.868181818181818,0.028715059857085282
0.7863636363636363,0.95,0.021339456929049205
0.868181818181818,0.05,0.02694415649031777
0.868181818181818,0.1318181818181818,0.02694415649031777
0.868181818181818,0.21363636363636362,0.026943051898903187
0.868181818181818,0.2954545454545454,0.026943051898903187
0.868181818181818,0.3772727272727272,0.024884865519351138
0.868181818181818,0.459090909090909,0.023619956823823535
0.868181818181818,0.5409090909090909,0.020427247650678368
0.868181818181818,0.6227272727272727,0.01727643884679696
0.868181818181818,0.7045454545454545,0.0068732771058210625
0.868181818181818,0.7863636363636363,0.009999172204986079
0.868181818181818,0.868181818181818,0.00571471972932778
0.868181818181818,0.95,-0.00968538788926816
0.95,0.05,0.027997911658438672
0.95,0.1318181818181818,0.027997911658438672
0.95,0.21363636363636362,0.02799680706702426
0.95,0.2954545454545454,0.02799680706702426
0.95,0.3772727272727272,0.025938620687675766
0.95,0.459090909090909,0.02467371202227566
0.95,0.5409090909090909,0.021482809190168258
0.95,0.6227272727272727,0.018332533113347683
0.95,0.7045454545454545,0.008094164527264719
0.95,0.7863636363636363,0.011799551867094294
0.95,0.868181818181818,0.007516108315239535
0.95,0.95,-0.00795503631509768
