form_date,ic,era
2000-01-31,0.0663929536643905,2000-2009
2000-02-29,-0.07764345707887238,2000-2009
2000-03-31,7.648549101219414e-5,2000-2009
2000-04-30,0.02412267319240629,2000-2009
2000-05-31,0.03471255362402239,2000-2009
2000-06-30,0.006452577737244129,2000-2009
2000-07-31,0.06070468409280413,2000-2009
2000-08-31,0.11301052874303533,2000-2009
2000-09-30,0.06546052344672053,2000-2009
2000-10-31,0.041827407340656896,2000-2009
2000-11-30,0.031135768636704447,2000-2009
2000-12-31,-0.06598174773586993,2000-2009
2001-01-31,-0.09637464211961844,2000-2009
2001-02-28,-0.003282711306810029,2000-2009
2001-03-31,0.056128162111567494,2000-2009
2001-04-30,-0.014462856812739247,2000-2009
2001-05-31,0.030450757166950886,2000-2009
2001-06-30,-0.052341266649406054,2000-2009
2001-07-31,-0.08704519103532153,2000-2009
2001-08-31,-0.05756455881988093,2000-2009
2001-09-30,0.16022356949920688,2000-2009
2001-10-31,0.0447001420739497,2000-2009
2001-11-30,-0.0786411073135208,2000-2009
2001-12-31,0.004296100214549137,2000-2009
2002-01-31,0.04904430571499604,2000-2009
2002-02-28,-0.046079476009657235,2000-2009
2002-03-31,0.038179809955726264,2000-2009
2002-04-30,-0.03994752816220121,2000-2009
2002-05-31,0.03347117402476542,2000-2009
2002-06-30,0.11085787849333996,2000-2009
2002-07-31,0.021360321228568346,2000-2009
2002-08-31,-0.042819794344784785,2000-2009
2002-09-30,0.04859589442649625,2000-2009
2002-10-31,0.012108420614530236,2000-2009
2002-11-30,-0.024460844348587918,2000-2009
2002-12-31,0.1134253791532465,2000-2009
2003-01-31,0.022195589663661364,2000-2009
2003-02-28,-0.03773084074491046,2000-2009
2003-03-31,0.048635967259944936,2000-2009
2003-04-30,0.05894907612788509,2000-2009
2003-05-31,-0.022426300752640523,2000-2009
2003-06-30,0.0540303716636665,2000-2009
2003-07-31,-0.039727415500386803,2000-2009
2003-08-31,0.03596087521753306,2000-2009
2003-09-30,0.03135646329504671,2000-2009
2003-10-31,0.03338837298888965,2000-2009
2003-11-30,-0.08092603082733883,2000-2009
2003-12-31,0.12116858294259283,2000-2009
2004-01-31,-0.05005963895590613,2000-2009
2004-02-29,0.0031277709764364133,2000-2009
2004-03-31,-0.04939687553806652,2000-2009
2004-04-30,0.021393132022239143,2000-2009
2004-05-31,-0.024157059519669153,2000-2009
2004-06-30,-0.0399486699831409,2000-2009
2004-07-31,0.002104840989724316,2000-2009
2004-08-31,-0.02021645268842335,2000-2009
2004-09-30,0.06835856205796967,2000-2009
2004-10-31,-0.008387769088714712,2000-2009
2004-11-30,0.020357727583881526,2000-2009
2004-12-31,-0.13047892237432407,2000-2009
2005-01-31,-0.06381318982647696,2000-2009
2005-02-28,0.030021506612554004,2000-2009
2005-03-31,-0.004175914936329239,2000-2009
2005-04-30,0.10402902257044759,2000-2009
2005-05-31,-0.006883492862154682,2000-2009
2005-06-30,-0.008278610915130196,2000-2009
2005-07-31,-0.007190274915131591,2000-2009
2005-08-31,-8.825453277660985e-4,2000-2009
2005-09-30,0.022372723378371158,2000-2009
2005-10-31,0.02618389500488404,2000-2009
2005-11-30,-0.041664206113516386,2000-2009
2005-12-31,-0.04072481844350266,2000-2009
2006-01-31,0.013771059883805345,2000-2009
2006-02-28,-0.034807452846798065,2000-2009
2006-03-31,-0.0018450360686388758,2000-2009
2006-04-30,-0.050451657250490424,2000-2009
2006-05-31,-0.005216811027597769,2000-2009
2006-06-30,0.005288246530333841,2000-2009
2006-07-31,0.04276013931821539,2000-2009
2006-08-31,0.051908408323429266,2000-2009
2006-09-30,-0.023146486498424827,2000-2009
2006-10-31,-0.01554141844721496,2000-2009
2006-11-30,0.05680777145949053,2000-2009
2006-12-31,0.024192612151083738,2000-2009
2007-01-31,-0.025987339665092455,2000-2009
2007-02-28,-0.061353203624253005,2000-2009
2007-03-31,0.022592596066978277,2000-2009
2007-04-30,0.023067292996998893,2000-2009
2007-05-31,0.0070803363824418096,2000-2009
2007-06-30,-0.12851308202345202,2000-2009
2007-07-31,-0.07235551573785705,2000-2009
2007-08-31,-0.02701779250588346,2000-2009
2007-09-30,0.012572586712700139,2000-2009
2007-10-31,-0.05803182723220311,2000-2009
2007-11-30,-0.0098703471791512,2000-2009
2007-12-31,0.13083848429529743,2000-2009
2008-01-31,0.010116503885719321,2000-2009
2008-02-29,-0.05725953774616415,2000-2009
2008-03-31,0.009241573176045383,2000-2009
2008-04-30,0.03261586273960698,2000-2009
2008-05-31,0.02710240304266741,2000-2009
2008-06-30,-0.012099003945413972,2000-2009
2008-07-31,0.04204333990448947,2000-2009
2008-08-31,-0.04299982738982459,2000-2009
2008-09-30,-0.10481776846085412,2000-2009
2008-10-31,-0.044989679338672546,2000-2009
2008-11-30,0.09464572804405219,2000-2009
2008-12-31,-0.003632016479031614,2000-2009
2009-01-31,0.0339893577657094,2000-2009
2009-02-28,0.052726907904638666,2000-2009
2009-03-31,0.06812953492465948,2000-2009
2009-04-30,0.08520893300264049,2000-2009
2009-05-31,-0.02155240878289442,2000-2009
2009-06-30,0.13089055228830523,2000-2009
2009-07-31,0.06755191770743876,2000-2009
2009-08-31,0.1138737265771947,2000-2009
2009-09-30,-0.07718519480992031,2000-2009
2009-10-31,-0.040011099363138236,2000-2009
2009-11-30,0.10119559912439342,2000-2009
2009-12-31,-0.06005726828291482,2000-2009
2010-01-31,0.07752719538943276,2010-2023
2010-02-28,-0.01727030327320303,2010-2023
2010-03-31,-0.0509200398694164,2010-2023
2010-04-30,0.0490632524338053,2010-2023
2010-05-31,-0.052138868672106,2010-2023
2010-06-30,0.016715204954355235,2010-2023
2010-07-31,0.04318926222007921,2010-2023
2010-08-31,0.10631237433207584,2010-2023
2010-09-30,0.019243409750664263,2010-2023
2010-10-31,-0.00920153046747062,2010-2023
2010-11-30,-0.09712745582254399,2010-2023
2010-12-31,0.038895076334112745,2010-2023
2011-01-31,0.04789762946655246,2010-2023
2011-02-28,-0.0038631201317914487,2010-2023
2011-03-31,-0.0011524462804110177,2010-2023
2011-04-30,0.08809938928259861,2010-2023
2011-05-31,0.13334390390679046,2010-2023
2011-06-30,0.07036363369224206,2010-2023
2011-07-31,0.19993747896350153,2010-2023
2011-08-31,0.1265698937557541,2010-2023
2011-09-30,-0.07743823587404197,2010-2023
2011-10-31,0.08933366147165728,2010-2023
2011-11-30,0.10920638511668511,2010-2023
2011-12-31,-0.1421328553098308,2010-2023
2012-01-31,-0.024190919953686708,2010-2023
2012-02-29,-0.03900379030973876,2010-2023
2012-03-31,0.02251708332410019,2010-2023
2012-04-30,0.11530934931997887,2010-2023
2012-05-31,-0.05426285123871765,2010-2023
2012-06-30,0.07844996906238985,2010-2023
2012-07-31,-0.0722655493738068,2010-2023
2012-08-31,-0.017578770782392634,2010-2023
2012-09-30,0.20555694413767553,2010-2023
2012-10-31,-0.008274938517422541,2010-2023
2012-11-30,-0.05788607907726957,2010-2023
2012-12-31,-0.021910006224761386,2010-2023
2013-01-31,-0.04819498056312018,2010-2023
2013-02-28,0.049192169675055325,2010-2023
2013-03-31,0.014022713272419735,2010-2023
2013-04-30,0.11299067647666353,2010-2023
2013-05-31,-0.0850057691765799,2010-2023
2013-06-30,0.03808902305250038,2010-2023
2013-07-31,0.06707082893029316,2010-2023
2013-08-31,0.030502005260458268,2010-2023
2013-09-30,0.014299372121700337,2010-2023
2013-10-31,0.043083958010831924,2010-2023
2013-11-30,-0.04082591711473992,2010-2023
2013-12-31,0.037194064511279205,2010-2023
2014-01-31,0.00899093430400454,2010-2023
2014-02-28,0.05851152908157752,2010-2023
2014-03-31,0.12683499197671147,2010-2023
2014-04-30,-0.009846100349653818,2010-2023
2014-05-31,-0.08373656651448146,2010-2023
2014-06-30,0.09324657809665736,2010-2023
2014-07-31,-0.001568995973299715,2010-2023
2014-08-31,-0.023926014949790297,2010-2023
2014-09-30,0.004288222393727022,2010-2023
2014-10-31,0.08632788719230462,2010-2023
2014-11-30,0.0620355124153876,2010-2023
2014-12-31,-0.020211553279028915,2010-2023
2015-01-31,-0.04802523031457779,2010-2023
2015-02-28,0.0024396516215360563,2010-2023
2015-03-31,0.012712117207576687,2010-2023
2015-04-30,-0.10016392478995767,2010-2023
2015-05-31,-0.04767247185861581,2010-2023
2015-06-30,0.02004392000879545,2010-2023
2015-07-31,0.10900430710193883,2010-2023
2015-08-31,0.15347921188703864,2010-2023
2015-09-30,0.12390264880109444,2010-2023
2015-10-31,-0.049714242862545055,2010-2023
2015-11-30,-0.024893001379580407,2010-2023
2015-12-31,-0.009742402661527464,2010-2023
2016-01-31,0.05345944647028537,2010-2023
2016-02-29,-0.01325701247959941,2010-2023
2016-03-31,-0.11913562470875211,2010-2023
2016-04-30,-0.07183703064014377,2010-2023
2016-05-31,-0.0294517109565441,2010-2023
2016-06-30,0.06271795575674087,2010-2023
2016-07-31,-0.06610570149065916,2010-2023
2016-08-31,0.009446631654367635,2010-2023
2016-09-30,-0.07072191479265215,2010-2023
2016-10-31,0.005872703721127982,2010-2023
2016-11-30,-0.02610064319043175,2010-2023
2016-12-31,-0.013463452058116044,2010-2023
2017-01-31,-0.05916139367105548,2010-2023
2017-02-28,-0.0259347570697703,2010-2023
2017-03-31,0.09111091999823683,2010-2023
2017-04-30,-0.008827757582766323,2010-2023
2017-05-31,0.016005875858836987,2010-2023
2017-06-30,-0.03556312111743698,2010-2023
2017-07-31,0.07779550663533208,2010-2023
2017-08-31,-0.03845088604660018,2010-2023
2017-09-30,-0.009484565350551843,2010-2023
2017-10-31,0.07970919965481595,2010-2023
2017-11-30,0.06667627757995048,2010-2023
2017-12-31,0.016338616542240603,2010-2023
2018-01-31,0.011493982783492425,2010-2023
2018-02-28,-0.002503617376482912,2010-2023
2018-03-31,-0.023312322415098747,2010-2023
2018-04-30,0.016082357175675906,2010-2023
2018-05-31,-0.040464075327662004,2010-2023
2018-06-30,0.039591968218349274,2010-2023
2018-07-31,0.004189932624726846,2010-2023
2018-08-31,-0.09830609200002573,2010-2023
2018-09-30,0.08589824466758311,2010-2023
2018-10-31,0.01278053731736279,2010-2023
2018-11-30,0.013969935209716905,2010-2023
2018-12-31,-5.138939364191077e-4,2010-2023
2019-01-31,-0.08175676228094962,2010-2023
2019-02-28,-0.1404090344083025,2010-2023
2019-03-31,0.08971412986246324,2010-2023
2019-04-30,-0.13185663788737545,2010-2023
2019-05-31,0.05964933260811417,2010-2023
2019-06-30,0.04660703449139305,2010-2023
2019-07-31,-0.08781185182051802,2010-2023
2019-08-31,0.2535919282273531,2010-2023
2019-09-30,0.020695281586081315,2010-2023
2019-10-31,-0.04276404899835822,2010-2023
2019-11-30,5.760969096816851e-4,2010-2023
2019-12-31,-0.23160038924896675,2010-2023
2020-01-31,-0.12163272462801725,2010-2023
2020-02-29,-0.12175266536127735,2010-2023
2020-03-31,0.027681551055322422,2010-2023
2020-04-30,-0.08557082523371766,2010-2023
2020-05-31,-0.016046440450498845,2010-2023
2020-06-30,0.01704220306249649,2010-2023
2020-07-31,-0.05733469725198045,2010-2023
2020-08-31,-0.08756237446748256,2010-2023
2020-09-30,0.08558677906819034,2010-2023
2020-10-31,0.01226955590817668,2010-2023
2020-11-30,0.03184582942038046,2010-2023
2020-12-31,-1.2985580943574915e-5,2010-2023
2021-01-31,0.11680473489630959,2010-2023
2021-02-28,0.26676844929069876,2010-2023
2021-03-31,0.09049435795807746,2010-2023
2021-04-30,0.22442730334275754,2010-2023
2021-05-31,-0.148879707028998,2010-2023
2021-06-30,0.24623757664928164,2010-2023
2021-07-31,0.0062953035529743,2010-2023
2021-08-31,0.0735050084401777,2010-2023
2021-09-30,0.06322636752754614,2010-2023
2021-10-31,0.22307366013540872,2010-2023
2021-11-30,0.2705305532868411,2010-2023
2021-12-31,0.33359649989376244,2010-2023
2022-01-31,0.0018012908613606886,2010-2023
2022-02-28,-0.05594048767380264,2010-2023
2022-03-31,0.3412889924253291,2010-2023
2022-04-30,0.29948032097440547,2010-2023
2022-05-31,-0.007996539589058948,2010-2023
2022-06-30,-0.06124676414417104,2010-2023
2022-07-31,-0.0902934604604404,2010-2023
2022-08-31,0.03426974349348234,2010-2023
2022-09-30,0.2528439290269362,2010-2023
2022-10-31,0.24355366011278876,2010-2023
2022-11-30,0.06020531650816614,2010-2023
2022-12-31,-0.12265678662061082,2010-2023
2023-01-31,0.05839455726195887,2010-2023
2023-02-28,-0.10039393677056918,2010-2023
2023-03-31,0.023236638366838914,2010-2023
2023-04-30,-0.20232701257128297,2010-2023
2023-05-31,0.10940412044224368,2010-2023
2023-06-30,0.17220468860263835,2010-2023
2023-07-31,0.03368101512303132,2010-2023
2023-08-31,0.134197965526239,2010-2023
2023-09-30,0.06769053622039294,2010-2023
2023-10-31,0.044160952291389347,2010-2023
2023-11-30,0.01846359659271152,2010-2023
2023-12-31,0.043206604100504246,2010-2023
