form_date,gross_ret,n_held,med_mktcap,turnover,cost,net_ret,bench_ret,value_gross,value_net,value_bench,peak,drawdown,excess
2010-01-31,0.07976924,25,826.1945,1,0.004,0.07576924,0.043412243475855136,2699.4231,2689.4231,2608.5306086896376,2689.4231,0,0.032356996524144865
2010-02-28,0.04573452000000001,25,1132.41645,0.43999999999999995,0.0017599999999999998,0.04397452000000001,0.07649006213364597,2822.8799197554126,2807.689189899412,2808.0572770258254,2807.689189899412,0,-0.03251554213364596
2010-03-31,0.051562159999999996,25,1228.87674,0.56,0.0022400000000000002,0.04932216,0.04390159274834309,2968.4337058386286,2946.1704853539013,2931.3354640158345,2946.1704853539013,0,0.005420567251656905
2010-04-30,-0.11835608,25,1136.19996,0.36,0.0014399999999999999,-0.11979608,-0.07396321277905797,2617.1015286756956,2593.2308101968065,2714.524475364033,2946.1704853539013,-0.11979607999999997,-0.04583286722094203
2010-05-31,-0.08950280000000001,25,921.15765,0.4,0.0016,-0.09110280000000001,-0.06786420481778825,2382.8636139749406,2356.980222341609,2530.305430385029,2946.1704853539013,-0.19998512168297589,-0.02323859518221176
2010-06-30,0.08222612,25,938.9577599999999,0.31999999999999995,0.0012799999999999997,0.08094612,0.07059855813953489,2578.7972434412777,2547.7686262568996,2708.941345422848,2946.1704853539013,-0.13522702134094078,0.010347561860465107
2010-07-31,-0.0691596,25,1093.26389,0.4,0.0016,-0.0707596,-0.05961146507566938,2400.448657603776,2367.4895373704117,2547.4573830181366,2946.1704853539013,-0.19641801140166437,-0.011148134924330623
2010-08-31,0.13718392000000001,25,1211.18274,0.36,0.0014399999999999999,0.13574392000000002,0.11904531747153017,2729.7516142126,2688.8618477320574,2850.720255924725,2946.1704853539013,-0.08733664222793114,0.016698602528469844
2010-09-30,0.03585072,25,1308.58434,0.36,0.0014399999999999999,0.034410720000000006,0.038575534502923975,2827.615175003284,2781.3875198930477,2960.688313515333,2946.1704853539013,-0.055931238969376684,-0.004164814502923969
2010-10-31,0.0295822,25,1233.468,0.31999999999999995,0.0012799999999999997,0.0283022,0.030271157558139535,2911.262252633266,2860.106905758564,3050.311775934298,2946.1704853539013,-0.029212016080936043,-0.001968957558139535
2010-11-30,0.1670184,25,1025.30358,0.28,0.0011200000000000001,0.1658984,0.07802104057323309,3397.496616048469,3334.594065252861,3288.300274765478,3334.594065252861,0,0.08787735942676692
2010-12-31,-0.0016932400000000036,25,992.256,0.28,0.0011200000000000001,-0.0028132400000000037,0.012080400460299193,3391.743838878311,3325.213051844729,3328.024258918357,3334.594065252861,-0.00281324000000005,-0.014893640460299196
2011-01-31,0.06505056,25,1106.25075,0.56,0.0022400000000000002,0.06281055999999999,0.048415364058760624,3612.378674973895,3534.071545750405,3489.1517650102764,3534.071545750405,0,0.014395195941239364
2011-02-28,0.008683759999999995,25,1679.0340499999998,0.88,0.00352,0.005163759999999995,0.023453718221174955,3643.7477044164866,3552.32064303549,3570.985347337743,3552.32064303549,0,-0.018289958221174962
2011-03-31,0.02649378293604,25,2211.35785,0.72,0.0028799999999999997,0.02361378293604,0.02707618797983741,3740.284365170992,3636.2043716193443,3667.6740178755044,3636.2043716193443,0,-0.003462405043797412
2011-04-30,0.0020742400000000106,25,2140.46014,0.36,0.0014399999999999999,6.342400000000107e-4,-0.013646120215277517,3748.0426126126035,3638.51059788,3617.6244973171256,3638.51059788,0,0.014280360215277527
2011-05-31,-0.03672272,25,2176.70004,0.24,9.599999999999999e-4,-0.03768272,-0.020385234761706957,3610.4042932015627,3501.401621803055,3543.878372659614,3638.51059788,-0.03768272000000006,-0.017297485238293046
2011-06-30,-0.02459024,25,1417.031,0.36,0.0014399999999999999,-0.02603024,-0.0384614226925338,3521.623585134706,3410.2592972511325,3407.5757685978238,3638.51059788,-0.06273206975454726,0.012431182692533804
2011-07-31,-0.1292844519588,25,960.2205,0.28,0.0011200000000000001,-0.13040445195880002,-0.08176189894614981,3066.3324099253814,2965.546302555696,3128.96590295438,3638.51059788,-0.18495598053676432,-0.048642553012650205
2011-08-31,-0.1470508,25,854.14745,0.19999999999999996,7.999999999999998e-4,-0.1478508,-0.10509934381332052,2615.425775979926,2527.087909285794,2800.1136397396203,3638.51059788,-0.30546089084961936,-0.042751456186679485
2011-09-30,0.22138516,25,775.224,0.36,0.0014399999999999999,0.21994516,0.15100182740213525,3194.4422298633663,3082.908663827723,3222.935916273947,3638.51059788,-0.15270037536128156,0.06894333259786475
2011-10-31,-0.007432440000000001,25,1510.4163999999998,0.24,9.599999999999999e-4,-0.008392440000000001,-0.003850533094044783,3170.6997296564405,3057.035537841069,3210.5258948683486,3638.51059788,-0.15981128662308441,-0.004541906905955218
2011-11-30,0.028018079999999997,25,1026.43775,0.31999999999999995,0.0012799999999999997,0.026738079999999997,-2.5144018856805827e-4,3259.536648337933,3138.7747986147065,3209.7186396319403,3638.51059788,-0.13734625358971542,0.026989520188568056
2011-12-31,0.08392124000000001,25,993.6042500000001,0.36,0.0014399999999999999,0.08248124000000001,0.07072844667059515,3533.081005691896,3397.6648360851973,3436.7370532627633,3638.51059788,-0.0661935028951498,0.011752793329404862
2012-01-31,0.09052676,25,1282.9696,0.43999999999999995,0.0017599999999999998,0.08876676,0.039848850561134075,3852.919381954725,3699.264535150411,3573.6870745161436,3699.264535150411,0,0.048917909438865925
2012-02-29,-0.04005756,25,841.05549,0.84,0.00336,-0.04341756,0.022888972087626473,3698.58083263691,3538.6514952396465,3655.4850982146545,3699.264535150411,-0.043417559999999855,-0.06630653208762648
2012-03-31,-0.03583263999999999,25,2081.86855,0.92,0.0036800000000000005,-0.039512639999999995,-0.012098290055069672,3566.0509171501312,3398.8300326227804,3611.2599792044693,3699.264535150411,-0.0812146575820415,-0.027414349944930323
2012-04-30,-0.11517564,25,2255.553,0.36,0.0014399999999999999,-0.11661563999999999,-0.0735489209439528,3155.328720494778,3002.473293117254,3345.655704485899,3699.264535150411,-0.1883593983107309,-0.0430667190560472
2012-05-31,0.05961856,25,2730.9326,0.31999999999999995,0.0012799999999999997,0.058338560000000005,0.03712129741034698,3343.4448751373193,3177.6332614761723,3469.850784924744,3699.264535150411,-0.1410094543706455,0.02121726258965302
2012-06-30,-0.09065424,25,2027.82269,0.43999999999999995,0.0017599999999999998,-0.09241424,-0.009454388723568605,3040.3474209998503,2883.9746986181303,3437.045466791286,3699.264535150411,-0.2203924128121676,-0.08295985127643139
2012-07-31,0.044652080000000004,25,2185.236,0.4,0.0016,0.043052080000000006,0.03428400582411182,3176.1052572701296,3008.135808061014,3554.8811535924956,3699.264535150411,-0.18682868459995006,0.008768074175888187
2012-08-31,0.02727972,25,2045.43123,0.24,9.599999999999999e-4,0.02631972,0.03085003077861033,3262.7485193789867,3087.3091002511537,3664.5493465951263,3699.264535150411,-0.16542624326658906,-0.004530310778610328
2012-09-30,0.010679239999999998,25,1912.24,0.28,0.0011200000000000001,0.009559239999999998,-0.013817288574793874,3297.59219387708,3116.8214288946383,3613.9152107766486,3699.264535150411,-0.15744835242827282,0.023376528574793873
2012-10-31,0.0036189199999999964,25,1689.66124,0.24,9.599999999999999e-4,0.0026589199999999965,0.014155913868967033,3309.5259162193456,3125.1088077283553,3665.0734832301528,3699.264535150411,-0.15520807500151135,-0.011496993868967036
2012-11-30,0.06271704,25,1867.26177,0.24,9.599999999999999e-4,0.06175704,0.029028798094103633,3517.089585487911,3318.1062773715876,3771.466161374894,3699.264535150411,-0.1030362262977026,0.03272824190589636
2012-12-31,0.0630194,25,2136.0012800000004,0.24,9.599999999999999e-4,0.0620594,0.06691521318516548,3738.7344609116076,3524.0259620815023,4023.8346235839326,3699.264535150411,-0.04737119268000223,-0.004855813185165481
2013-01-31,0.0024948399999999947,25,1953.62114,0.64,0.00256,-6.516000000000551e-5,0.013885992640651653,3748.062005194068,3523.796336549813,4079.7095615542185,3699.264535150411,-0.04743326597308717,-0.013951152640651658
2013-02-28,0.09458528000000001,25,1967.26205,0.28,0.0011200000000000001,0.09346528000000001,0.046726405866276396,4102.573499412711,3853.148947808416,4270.339726343929,3853.148947808416,0,0.046738874133723615
2013-03-31,0.014537799999999997,25,1152.61524,0.72,0.0028799999999999997,0.011657799999999996,1.602498512790162e-5,4162.215892432472,3898.068187612177,4270.408158474535,3898.068187612177,0,0.011641775014872095
2013-04-30,0.0674066,25,1044.50342,0.36,0.0014399999999999999,0.0659666,0.04482586882352941,4442.776714207311,4155.210492517114,4461.832914409244,4155.210492517114,0,0.02114073117647059
2013-05-31,-0.023707559999999996,25,1211.7671900000003,0.19999999999999996,7.999999999999998e-4,-0.024507559999999994,-0.004434724219758074,4337.449318688638,4053.3764220591215,4442.0459159192,4155.210492517114,-0.024507559999999984,-0.02007283578024192
2013-06-30,0.09900528,25,1081.93809,0.16000000000000003,6.400000000000002e-4,0.09836528,0.06837873776223777,4766.879702971217,4452.087928760365,4745.787408731659,4452.087928760365,0,0.02998654223776223
2013-07-31,0.059286559999999995,25,1300.6906,0.36,0.0014399999999999999,0.05784656,-0.026537168973471737,5049.491602494203,4709.625900256677,4619.847646353972,4709.625900256677,0,0.08438372897347174
2013-08-31,0.07477959999999999,25,1419.024,0.31999999999999995,0.0012799999999999997,0.07349959999999998,0.05728178283870473,5427.090564732079,5055.781520075182,4884.480755980321,5055.781520075182,0,0.016217817161295257
2013-09-30,-0.036183120000000006,25,1781.1201600000002,0.28,0.0011200000000000001,-0.03730312000000001,0.03041372711571675,5230.721495577511,4867.185095338035,5033.036020794677,5055.781520075182,-0.03730311999999991,-0.06771684711571677
2013-10-31,0.02928532,25,1513.7438399999999,0.36,0.0014399999999999999,0.02784532,0.0339958361774744,5383.904848406377,5002.713421816953,5204.13828883294,5055.781520075182,-0.010496517313398401,-0.006150516177474398
2013-11-30,0.02744336,25,1280.7789800000003,0.31999999999999995,0.0012799999999999997,0.02616336,0.028883509319770975,5531.6572873669375,5133.601214048782,5354.452065599824,5133.601214048782,0,-0.002720149319770975
2013-12-31,0.026767760000000005,25,1190.105,0.4,0.0016,0.025167760000000004,-0.027851619670267194,5679.727362037428,5262.802457339671,5205.321903126061,5262.802457339671,0,0.053019379670267194
2014-01-31,0.10622176,25,1255.0300799999998,0.52,0.0020800000000000003,0.10414176,0.050772179298642535,6283.037998753201,5810.879967779349,5469.607440098729,5810.879967779349,0,0.053369580701357465
2014-02-28,-0.08006752,25,2585.2616000000003,0.31999999999999995,0.0012799999999999997,-0.08134752,-0.0017406479505895545,5779.970728127269,5338.179293382818,5460.086779117592,5810.879967779349,-0.08134752000000012,-0.07960687204941046
2014-03-31,-0.07960107999999999,25,1396.47412,0.52,0.0020800000000000003,-0.08168107999999999,-0.02743370791584854,5319.878815799951,4902.151043465674,5310.296353224095,5810.879967779349,-0.1563840467110783,-0.05424737208415145
2014-04-30,-0.05670464,25,1117.01622,0.48,0.0019199999999999998,-0.05862464,0.011289663851351354,5018.2170027063885,4614.764203316874,5370.247814003051,5810.879967779349,-0.20584072827089817,-0.06991430385135135
2014-05-31,0.10190428,25,1117.94176,0.24,9.599999999999999e-4,0.10094428,0.05032150260982284,5529.594793250942,5080.598253190469,5640.486753390801,5810.879967779349,-0.1256748923808797,0.050622777390177155
2014-06-30,-0.08644828,25,1631.80652,0.19999999999999996,7.999999999999998e-4,-0.08724828,-0.04873556664838179,5051.5708342774415,4637.324794228597,5365.594435291609,5810.879967779349,-0.20195825418146274,-0.03851271335161821
2014-07-31,0.09680484,25,895.2499300000001,0.07999999999999996,3.1999999999999986e-4,0.09648484,0.049343885371179036,5540.587340638335,5084.756335027776,5630.353712054874,5810.879967779349,-0.12495932402284049,0.047140954628820966
2014-08-31,-0.06485256,25,1068.80126,0.24,9.599999999999999e-4,-0.06581256,-0.04357633495407888,5181.266067694347,4750.11550364338,5385.00353278843,5810.879967779349,-0.18254799101302788,-0.022236225045921126
2014-09-30,0.07235036,25,1590.02916,0.31999999999999995,0.0012799999999999997,0.07107036,0.04573958907392167,5556.132532947818,5087.707922528897,5631.311381539788,5810.879967779349,-0.12445138245160048,0.025330770926078328
2014-10-31,0.008718399999999989,25,1575.9151200000001,0.19999999999999996,7.999999999999998e-4,0.007918399999999989,0.009868847826086956,5604.573118823069,5127.994428942649,5686.885936625516,5810.879967779349,-0.11751843827840536,-0.0019504478260869672
2014-11-30,0.05715584,25,1479.08856,0.28,0.0011200000000000001,0.056035839999999996,0.01641702716169174,5924.907203270823,5415.345904283771,5780.247697512539,5810.879967779349,-0.06806784268282384,0.03961881283830826
2014-12-31,-0.07923543999999999,25,1205.6761000000001,0.19999999999999996,7.999999999999998e-4,-0.08003543999999999,-0.0369697070713886,5455.44457406049,4981.9263120822225,5566.553633335433,5810.879967779349,-0.14265544294385313,-0.043065732928611385
2015-01-31,0.10920164,25,1579.05,0.48,0.0019199999999999998,0.10728164,0.0719464156530936,6051.188068476996,5516.395537201555,5967.047214794622,5810.879967779349,-0.050678112817796106,0.03533522434690639
2015-02-28,-0.019723720000000004,25,1533.5762,0.48,0.0019199999999999998,-0.021643720000000005,0.007698320174973543,5931.836129347014,5397.000216785115,6012.9834547532955,5810.879967779349,-0.07122496993383931,-0.02934204017497355
2015-03-31,0.05460872,25,1835.6244000000002,0.72,0.0028799999999999997,0.05172872,-0.01016554477611941,6255.7661076204095,5676.180129839132,5951.858202205936,5810.879967779349,-0.023180626460555298,0.06189426477611941
2015-04-30,0.019415719999999997,25,1357.07,0.36,0.0014399999999999999,0.017975719999999997,0.018781634042553192,6377.226310751457,5778.213554522684,6063.643824832937,5810.879967779349,-0.005621594911234817,-8.059140425531949e-4
2015-05-31,-0.01927424,25,1345.8556800000001,0.31999999999999995,0.0012799999999999997,-0.02055424,-8.641426092323979e-4,6254.310120303719,5659.446766351771,6058.40397183669,5810.879967779349,-0.026060287300246676,-0.019690097390767602
2015-06-30,-0.10530624,25,1049.24175,0.31999999999999995,0.0012799999999999997,-0.10658624,-0.007969006162819052,5595.692237740586,5056.227615046178,6010.124513248276,5810.879967779349,-0.12986885926359348,-0.09861723383718095
2015-07-31,-0.02387008,25,917.2264500000001,0.24,9.599999999999999e-4,-0.024830079999999997,-0.059271168169761274,5462.1226163703395,4930.6810788663715,5653.897412502332,5810.879967779349,-0.15147428509856975,0.034441088169761276
2015-08-31,-0.11173832,25,932.8272000000001,0.19999999999999996,7.999999999999998e-4,-0.11253832,-0.05227712569625794,4851.794211583114,4375.790513794963,5358.327906795201,5810.879967779349,-0.2469659435303757,-0.060261194303742056
2015-09-30,0.09491588,25,1036.95984,0.28,0.0011200000000000001,0.09379588,0.058431272440041565,5312.306528754431,4786.221635732014,5671.421824540228,5810.879967779349,-0.17633445153383742,0.03536460755995843
2015-10-31,0.06614692,25,876.4761,0.76,0.0030399999999999997,0.06310692,0.025211193855932203,5663.699243727428,5088.265341600423,5814.4051395974775,5810.879967779349,-0.12435545566002726,0.03789572614406779
2015-11-30,-0.0661872,25,1087.55134,0.36,0.0014399999999999999,-0.0676272,-0.043387998415213944,5288.8348491429915,4744.1602036909435,5562.12973861521,5810.879967779349,-0.18357284438901533,-0.024239201584786055
2015-12-31,-0.21887716,25,828.85855,0.31999999999999995,0.0012799999999999997,-0.22015716,-0.08828392128897841,4131.229697653545,3699.699366661324,5071.083114572219,5810.879967779349,-0.36331512831520785,-0.13187323871102158
2016-01-31,0.013841880000000008,25,976.34216,0.56,0.0022400000000000002,0.011601880000000007,0.00660859568733153,4188.413683380902,3742.622834749404,5104.595852573281,5810.879967779349,-0.3559283868361056,0.004993284312668477
2016-02-29,0.11350444,25,1229.9311,0.4,0.0016,0.11190444,0.08304990114537608,4663.817233001389,4161.438947203249,5528.532033516589,5810.879967779349,-0.28385391364510326,0.028854538854623912
2016-03-31,0.11219111999999999,25,990.4947999999999,0.56,0.0022400000000000002,0.10995111999999999,0.02188795197860218,5187.056111847116,4618.993820259867,5649.540277178363,5810.879967779349,-0.20511284936676566,0.0880631680213978
2016-04-30,-0.027577760000000007,25,994.86463,0.4,0.0016,-0.029177760000000007,0.017746073037009452,5044.008723288062,4484.221927130841,5749.797431562696,5810.879967779349,-0.22830587587502604,-0.04692383303700946
2016-05-31,-0.025017519999999998,25,1401.56806,0.52,0.0020800000000000003,-0.02709752,-0.007003905201299452,4917.820134173029,4362.710633775975,5709.526395425356,5810.879967779349,-0.24921687283738492,-0.020093614798700546
2016-06-30,0.09398332,25,1404.7307100000003,0.36,0.0014399999999999999,0.09254332,0.054463839012995535,5380.013197545456,4766.450360024908,6020.489121866251,5810.879967779349,-0.1797369096497744,0.03807948098700446
2016-07-31,6.627658832000033e-4,25,1500.26916,0.31999999999999995,0.0012799999999999997,-6.172341167999964e-4,0.013366370434673973,5383.578886743954,4763.508344246667,6100.96120966704,5810.879967779349,-0.18024320401389038,-0.013983604551473969
2016-08-31,0.0638404,25,1580.788,0.52,0.0020800000000000003,0.06176040000000001,0.010216022753190798,5727.2687163052415,5057.70452499068,6163.2887682013325,5810.879967779349,-0.1296146963910697,0.05154437724680921
2016-09-30,-0.09574300000000001,25,1085.65626,0.52,0.0020800000000000003,-0.09782300000000001,-0.039605201704545456,5178.9228276000285,4562.944695242516,5919.19047337336,5810.879967779349,-0.21475839794600615,-0.05821779829545455
2016-10-31,0.12195252000000001,25,1085.8184,0.43999999999999995,0.0017599999999999998,0.12019252000000001,0.09398672623790552,5810.505517311377,5111.376516784346,6475.515807944321,5810.879967779349,-0.12037823098629952,0.02620579376209449
2016-11-30,-0.04915112,25,1259.7684,0.4,0.0016,-0.05075112,0.015738611433416573,5524.912663369343,4851.968433815841,6577.431435076503,5810.879967779349,-0.16502002094012613,-0.06648973143341658
2016-12-31,0.09307384,25,1312.9425,0.48,0.0019199999999999998,0.09115384,0.01641582271147161,6039.137500613756,5294.243988116941,6685.405383411579,5810.879967779349,-0.08890838952569902,0.07473801728852839
2017-01-31,0.022630679999999997,25,1197.07,0.56,0.0022400000000000002,0.020390679999999998,0.023805235958524,6175.807288866145,5402.197223120557,6844.553036042078,5810.879967779349,-0.07033061204583291,-0.003414555958524003
2017-02-28,-0.03295004,25,1110.02775,0.43999999999999995,0.0017599999999999998,-0.03471004,5.88691421991944e-4,5972.314191665714,5214.686741418154,6848.582365701765,5810.879967779349,-0.10259947368849742,-0.03529873142199194
2017-03-31,-0.002463040000000007,25,1016.2434000000001,0.6,0.0024,-0.004863040000000007,0.010423958880639633,5957.604142919074,5189.327511207168,6919.971706672514,5810.879967779349,-0.10696356834397136,-0.01528699888063964
2017-04-30,-0.01737632,25,984.7296,0.28,0.0011200000000000001,-0.01849632,-0.008127758794222098,5854.082906898387,5093.344048975077,6863.727845777838,5810.879967779349,-0.12348145595553928,-0.010368561205777902
2017-05-31,0.025224,25,1097.29836,0.36,0.0014399999999999999,0.023784,0.02565452217779655,6001.746294141991,5214.4841438359,7039.813504019707,5810.879967779349,-0.10263433890398599,-0.0018705221777965512
2017-06-30,-0.014311040000000002,25,950.3767599999999,0.4,0.0016,-0.01591104,0.01251414342403628,5915.855062856673,5131.516278043961,7127.910739887477,5810.879967779349,-0.11691235983231107,-0.02842518342403628
2017-07-31,0.04962764,25,936.9204,0.24,9.599999999999999e-4,0.04866764,-0.010442635910998872,6209.444988208302,5381.255064917945,7053.476563224732,5810.879967779349,-0.07393456847218038,0.05911027591099887
2017-08-31,-0.025772279999999998,25,907.14357,0.31999999999999995,0.0012799999999999997,-0.027052279999999998,0.053825455223924804,6049.413433327601,5235.679846150366,7433.133150151587,5810.879967779349,-0.09898674982419187,-0.0808777352239248
2017-09-30,-0.049932519999999994,25,1286.14167,0.43999999999999995,0.0017599999999999998,-0.05169251999999999,0.011100042780943821,5747.3509760797015,4965.034360989642,7515.641246114721,5810.879967779349,-0.1455623952791698,-0.0627925627809438
2017-10-31,0.03487248,25,1244.8310258799997,0.36,0.0014399999999999999,0.03343248,0.032441352593653223,5947.775358046021,5131.0277729627405,7759.458813747333,5810.879967779349,-0.11699642714809277,9.91127406346777e-4
2017-11-30,0.051103720000000005,25,1534.9774,0.4,0.0016,0.04950372000000001,0.006939901890794152,6251.728804566505,5385.032735147711,7813.308696640396,5810.879967779349,-0.07328446551863244,0.042563818109205856
2017-12-31,0.0043225999999999985,25,1680.9083500000002,0.36,0.0014399999999999999,0.0028825999999999986,0.037267448944666284,6278.752527497123,5400.555630510048,8104.490779581359,5810.879967779349,-0.07061311531893644,-0.034384848944666285
2018-01-31,-0.014929759999999995,25,1216.5886799999998,0.43999999999999995,0.0017599999999999998,-0.016689759999999994,-0.03617452424340718,6185.0122591621985,5310.421653170187,7811.314681394923,5810.879967779349,-0.08612435937141105,0.01948476424340719
2018-02-28,0.004113960000000003,25,1143.21109,0.43999999999999995,0.0017599999999999998,0.0023539600000000035,6.589229189774252e-4,6210.457152195901,5322.922173324883,7816.461735665839,5810.879967779349,-0.0839731326683969,0.0016950370810225783
2018-03-31,0.02905559999999999,25,1438.0552,0.64,0.00256,0.02649559999999999,0.005511525327262379,6390.905711027244,5463.95619006043,7859.542362491539,5810.879967779349,-0.059702451202325646,0.02098407467273761
2018-04-30,0.060402978268160004,25,1370.6658,0.4,0.0016,0.05880297826816001,0.04380128866744945,6776.935449804282,5785.253087162733,8203.80044630508,5810.879967779349,-0.004410154874771699,0.015001689600710556
2018-05-31,0.0310382,25,1524.60402,0.4,0.0016,0.029438199999999998,0.009517356942102305,6987.279327682398,5955.560524593247,8281.878943434343,5955.560524593247,0,0.019920843057897694
2018-06-30,0.022129160000000005,25,2392.40118,0.31999999999999995,0.0012799999999999997,0.020849160000000005,0.022135177539782246,7141.901949889373,6079.728958860175,8465.199804210246,6079.728958860175,0,-0.0012860175397822401
2018-07-31,0.11408712,25,1385.8953000000001,0.31999999999999995,0.0012799999999999997,0.11280712,0.04079444473743542,7956.700974674636,6765.565673089791,8810.53292981445,6765.565673089791,0,0.07201267526256458
2018-08-31,-0.03586512,25,1790.0946099999999,0.31999999999999995,0.0012799999999999997,-0.03714512,-0.014747233376249306,7671.3329394138145,6514.25792429499,8680.601944529348,6765.565673089791,-0.03714512000000003,-0.02239788662375069
2018-09-30,-0.16058240000000001,25,1628.8861600000002,0.31999999999999995,0.0012799999999999997,-0.16186240000000002,-0.10273277488938053,6439.45188480369,5459.844502449585,7788.8196190576955,6765.565673089791,-0.19299512172851196,-0.05912962511061949
2018-10-31,0.01869472,25,1159.284,0.28,0.0011200000000000001,0.017574720000000002,0.019300929007210203,6559.835634743567,5555.799740823676,7939.1510735750935,6765.565673089791,-0.1788122369542564,-0.0017262090072102006
2018-11-30,-0.12919124,25,1232.88498,0.4,0.0016,-0.13079124,-0.1135089346704561,5712.362334894859,4829.149803529669,7037.986493025777,6765.565673089791,-0.2862164027558354,-0.017282305329543904
2018-12-31,0.1788756,25,1145.6718,0.28,0.0011200000000000001,0.17775559999999999,0.11197012913332836,6734.164574966577,5687.558224345968,7826.0307494884955,6765.565673089791,-0.15933737115754054,0.06578547086667162
2019-01-31,0.02484128,25,1502.16455,0.48,0.0019199999999999998,0.022921280000000002,0.05103871658815884,6901.449842739402,5817.924338922505,8225.461314921853,6765.565673089791,-0.1400683076563063,-0.028117436588158837
2019-02-28,0.045349879999999995,25,1365.45822,0.36,0.0014399999999999999,0.04390988,-0.012293360532270647,7214.429764933653,6073.38869849367,8124.342753433275,6765.565673089791,-0.10230881023729799,0.056203240532270646
2019-03-31,0.033631600000000005,25,1090.3146000000002,0.6799999999999999,0.0027199999999999998,0.030911600000000004,0.03734284769316286,7457.062581015996,6261.126860586027,8427.728847481783,6765.565673089791,-0.07455973925582926,-0.0064312476931628546
2019-04-30,-0.1318748,25,1402.1604000000002,0.43999999999999995,0.0017599999999999998,-0.1336348,-0.07979902420242024,6473.663944557029,5424.422424796985,7755.204309210149,6765.565673089791,-0.19823076341232437,-0.053835775797579755
2019-05-31,0.10658664,25,1062.33384,0.4,0.0016,0.10498663999999999,0.07758897189442794,7163.670032896509,5993.914309117074,8356.922638393004,6765.565673089791,-0.1140557052076192,0.02739766810557205
2019-06-30,-0.05650596000000001,25,1523.48535,0.19999999999999996,7.999999999999998e-4,-0.05730596000000001,0.0063351146068606565,6758.87998056446,5650.427295475383,8409.86470106789,6765.565673089791,-0.1648255935272196,-0.06364107460686066
2019-07-31,-0.14834108000000001,25,1245.2201100000002,0.31999999999999995,0.0012799999999999997,-0.14962108000000002,-0.04941256069678824,5756.260424657149,4805.004261064877,7994.311751074596,6765.565673089791,-0.28978529021203603,-0.10020851930321178
2019-08-31,0.02574828,25,893.6340600000001,0.36,0.0014399999999999999,0.024308279999999998,0.019878505428881657,5904.474229824141,4921.805650044036,8153.226720618506,6765.565673089791,-0.27252119218639126,0.004429774571118341
2019-09-30,-0.020159960000000005,25,765.57864,0.36,0.0014399999999999999,-0.021599960000000005,0.018728671957147985,5785.440265529855,4815.494844875311,8305.925829261223,6765.565673089791,-0.2882347053360129,-0.04032863195714799
2019-10-31,0.0228666,25,803.17826,0.31999999999999995,0.0012799999999999997,0.0215866,0.04639400007914678,5917.733613905621,4919.445005893696,8691.270952841356,6765.565673089791,-0.2728701126262193,-0.024807400079146776
2019-11-30,0.06407348,25,943.1663000000001,0.4,0.0016,0.062473480000000005,0.032982475242195906,6296.90340026153,5226.7798550804955,8977.930581866662,6765.565673089791,-0.2274437781499713,0.0294910047578041
2019-12-31,-0.10155563999999999,25,882.8159999999999,0.4,0.0016,-0.10315563999999999,-0.025375564803467834,5657.417345429793,4687.608033990559,8750.11052258547,6765.565673089791,-0.30713730965089303,-0.07778007519653216
2020-01-31,-0.04915372,25,1039.27824,0.6,0.0024,-0.05155372,-0.08349389433779139,5379.334237309395,4445.94440193646,8019.5297191687205,6765.565673089791,-0.3428569587875975,0.031940174337791394
2020-02-29,-0.32105508747424,25,712.40985,0.4,0.0016,-0.32265508747424,-0.2123837841565462,3652.271613196853,3011.4378220240433,6316.311650255784,6765.565673089791,-0.5548875042330734,-0.11027130331769378
2020-03-31,0.43588568,25,728.7719599999999,0.72,0.0028799999999999997,0.43300568,0.15933039180672268,5244.24450885986,4315.407503927283,7322.692060264404,6765.565673089791,-0.36215126532701825,0.27367528819327736
2020-04-30,0.06335479999999999,25,727.81203,0.43999999999999995,0.0017599999999999998,0.06159479999999999,0.07416182098765545,5576.492570869775,4581.214166050183,7865.756237985458,6765.565673089791,-0.32286310008458297,-0.012567020987655456
2020-05-31,0.1221134,25,918.2518899999999,0.43999999999999995,0.0017599999999999998,0.1203534,0.034430744969371936,6257.457038773423,5132.578867062487,8136.580085006783,6765.565673089791,-0.2413673719143028,0.08592265503062807
2020-06-30,-0.03405912,25,990.7345,0.28,0.0011200000000000001,-0.03517912,0.032813771573777316,6044.333558594994,4952.019259188632,8403.571965307941,6765.565673089791,-0.26805540017364493,-0.06799289157377732
2020-07-31,0.01897588,25,1085.5369500000002,0.48,0.0019199999999999998,0.017055880000000002,0.05404716266944734,6159.030106882866,5036.480305431042,8857.761186321346,6765.565673089791,-0.2555714409123585,-0.03699128266944734
2020-08-31,-0.11594452000000001,25,1136.8532,0.28,0.0011200000000000001,-0.11706452,-0.03174975155121974,5444.924317474783,4446.887155986305,8576.529469355608,6765.565673089791,-0.3427176128562448,-0.08531476844878026
2020-09-30,-5.593599999999982e-4,25,980.6079999999998,0.4,0.0016,-0.002159359999999998,0.016635743775933617,5441.87864460856,4437.284725737154,8719.206416094552,6765.565673089791,-0.3441369221517475,-0.018795103775933616
2020-10-31,0.37713576,25,934.736,0.43999999999999995,0.0017599999999999998,0.37537576,0.17221441544674407,7494.205683070779,6102.93385199713,10220.779452201774,6765.565673089791,-0.09794182084852066,0.20316134455325593
2020-11-30,0.10021012,25,981.02235,0.43999999999999995,0.0017599999999999998,0.09845012,0.07939134261450785,8245.200933875985,6703.76842207831,11032.220855478847,6765.565673089791,-0.009134084864075853,0.01905877738549215
2020-12-31,0.15568428,25,951.275,0.28,0.0011200000000000001,0.15456428,0.04184521514543632,9528.849104721796,7739.93156152358,11493.866510708329,7739.93156152358,0,0.11271906485456368
2021-01-31,0.15396976,25,1268.3817300000003,0.43999999999999995,0.0017599999999999998,0.15220976,0.0670555534659892,10996.003714452025,8918.02468691951,12264.594091048073,8918.02468691951,0,0.0851542065340108
2021-02-28,0.06273896,25,1560.70068,0.48,0.0019199999999999998,0.06081896,0.020166792426054257,11685.881551652881,9460.409673632279,12511.93161427205,9460.409673632279,0,0.04065216757394574
2021-03-31,-0.0021944800000000013,25,1495.71268,0.72,0.0028799999999999997,-0.005074480000000001,0.02705423754479444,11660.23711830541,9412.403013951625,12850.43238430879,9460.409673632279,-0.005074479999999992,-0.03212871754479444
2021-04-30,0.03452388000000001,25,1256.6796800000002,0.43999999999999995,0.0017599999999999998,0.03276388000000001,0.004019194301728173,12062.793745349332,9720.789856812376,12902.080768922548,9720.789856812376,0,0.028744685698271835
2021-05-31,0.009260879999999999,25,1736.8542599999998,0.28,0.0011200000000000001,0.00814088,0.019360554007643707,12174.505830689763,9799.925640541904,13151.872200460255,9799.925640541904,0,-0.011219674007643708
2021-06-30,-0.12613468,25,1356.06,0.4,0.0016,-0.12773468,-0.029992268050541494,10638.878433577574,8548.135274823488,12757.417724057586,9799.925640541904,-0.1277346800000001,-0.0977424119494585
2021-07-31,0.013204,25,1442.27,0.36,0.0014399999999999999,0.011764,0.02230426507763989,10779.354184414533,8648.695538196513,13041.96255068115,9799.925640541904,-0.1174733507755199,-0.010540265077639891
2021-08-31,-0.016267479999999997,25,1551.9671500000002,0.4,0.0016,-0.017867479999999998,-0.03386979618293013,10604.001255806654,8494.165143641696,12600.23393726417,9799.925640541904,-0.13324187803000553,0.016002316182930132
2021-09-30,0.034040360000000006,25,2688.80907,0.48,0.0019199999999999998,0.03212036000000001,0.0393152322064057,10964.965275994768,8767.000785954919,13095.615060362745,9799.925640541904,-0.10540129511940544,-0.007194872206405689
2021-10-31,-0.04613552,25,2520.217,0.28,0.0011200000000000001,-0.04725552,-0.04766866296625222,10459.090901204803,8352.71160497421,12471.364599714536,9799.925640541904,-0.1476760221098644,4.131429662522154e-4
2021-11-30,0.009517959999999999,25,2296.49805,0.36,0.0014399999999999999,0.008077959999999999,0.02118295469244789,10558.640110038836,8420.18447521073,12735.544950983287,9799.925640541904,-0.14079098310942684,-0.013104994692447892
2021-12-31,-0.05681823999999999,25,1096.2,0.31999999999999995,0.0012799999999999997,-0.05809823999999999,-0.09328034673368542,9958.716762193022,7930.986576725662,11547.568902113127,9799.925640541904,-0.19070951478289944,0.03518210673368543
2022-01-31,0.028314999999999993,25,1373.42812,0.6799999999999999,0.0027199999999999998,0.025594999999999993,0.0052400524639471795,10240.697827314518,8133.980178156957,11608.078768991245,9799.925640541904,-0.16999572481376768,0.02035494753605281
2022-02-28,0.03277576,25,1384.6253100000001,0.4,0.0016,0.03117576,0.0054595808589694116,10576.344481535101,8387.563192035936,11671.454013647839,9799.925640541904,-0.1441197107315877,0.02571617914103059
2022-03-31,-0.08600004,25,1343.1387,0.76,0.0030399999999999997,-0.08904004,-0.09577305083843439,9666.778433069301,7640.7342299145275,10553.643255040297,9799.925640541904,-0.22032732592325877,0.006733010838434389
2022-04-30,0.07581167999999999,25,1281.69495,0.36,0.0014399999999999999,0.07437168,-0.005560531428578716,10399.633146268052,8208.988471026778,10494.959390034637,9799.925640541904,-0.16234175930207895,0.07993221142857872
2022-05-31,-0.09984559999999999,25,1377.38068,0.24,9.599999999999999e-4,-0.1008056,-0.0902661477758584,9361.275534999031,7381.476462811841,9547.619834832138,9799.925640541904,-0.24678240085057734,-0.010539452224141599
2022-06-30,0.09655764,25,1887.5707000000002,0.28,0.0011200000000000001,0.09543764,0.10411664022398506,10265.178208048275,8085.947156138152,10541.685934170739,9799.925640541904,-0.17489709078129023,-0.008679000223985059
2022-07-31,0.004760240000000001,25,1128.5008,0.36,0.0014399999999999999,0.0033202400000000008,-0.02001927484047401,10314.042919961355,8112.794441323849,10330.649026172616,9799.925640541904,-0.1721575510979858,0.023339514840474012
2022-08-31,-0.09759144,25,1017.81884,0.28,0.0011200000000000001,-0.09871144,-0.09418872960104642,9307.480619180522,7311.9688195967765,9357.61831844313,9799.925640541904,-0.2538750713222301,-0.004522710398953578
2022-09-30,0.11856412000000001,25,833.47866,0.19999999999999996,7.999999999999998e-4,0.11776412000000001,0.0976788684931507,10411.013868210717,8173.056393104029,10271.659887579433,9799.925640541904,-0.16600832568642987,0.02008525150684931
2022-10-31,0.021424919999999997,25,899.9524800000002,0.24,9.599999999999999e-4,0.020464919999999998,0.030636125084042294,10634.069007456023,8340.317338344392,10586.343744716058,9799.925640541904,-0.14894075279093655,-0.010171205084042297
2022-11-30,-0.05159896,25,789.99588,0.16000000000000003,6.400000000000002e-4,-0.05223896,-0.0559886963375058,10085.362106103059,7904.627834519313,9993.628159468697,9799.925640541904,-0.19339920276352085,0.0037497363375057977
2022-12-31,0.10354856,25,807.50983,0.19999999999999996,7.999999999999998e-4,0.10274856,0.10050731541382234,11129.686829268598,8716.816961852091,10998.060897020874,9799.925640541904,-0.11052213235262054,0.0022412445861776653
2023-01-31,-0.010837720000000002,25,1217.8141500000002,0.52,0.0020800000000000003,-0.012917720000000002,-0.02131427784528412,11009.066399725296,8604.215561047635,10763.645171302416,9799.925640541904,-0.12201215839308654,0.008396557845284118
2023-02-28,-0.11957604,25,1795.3078,0.48,0.0019199999999999998,-0.12149604,-0.033115826515524895,9692.645835549087,7558.837443073968,10407.1981651349,9799.925640541904,-0.22868420431647385,-0.08838021348447511
2023-03-31,-0.03919495099195999,25,1177.0841200000002,0.56,0.0022400000000000002,-0.04143495099195999,-0.017504361206796104,9312.743057042315,7245.637384064005,10225.026809301671,9799.925640541904,-0.2606436365099455,-0.023930589785163887
2023-04-30,-0.10487748,25,1050.5,0.52,0.0020800000000000003,-0.10695748,-0.01205330979447776,8336.046033332223,6470.662268470727,10101.78139351232,9799.925640541904,-0.3397233299708057,-0.09490417020552223
2023-05-31,0.10255928,25,775.5738,0.4,0.0016,0.10095928,0.08006260739614995,9190.98491255763,7123.9356722186985,10910.55635122283,9799.925640541904,-0.27306227276386064,0.020896672603850044
2023-06-30,0.21790776,25,2525.04951,0.36,0.0014399999999999999,0.21646776,0.05470069858317218,11193.771847046859,8666.038069567974,11507.371405565782,9799.925640541904,-0.1157036912895626,0.16176706141682784
2023-07-31,-0.048729640000000005,25,1117.5717000000002,0.64,0.00256,-0.051289640000000004,-0.04469017911701786,10648.30337469813,8221.56009675354,10993.104916284998,9799.925640541904,-0.16105893061664966,-0.006599460882982147
2023-08-31,-0.10078572,25,955.34355,0.36,0.0014399999999999999,-0.10222571999999999,-0.059009805005213765,9575.10645230075,7381.105196339639,10344.403938773161,9799.925640541904,-0.24682028547193258,-0.04321591499478623
2023-09-30,-0.07739168,25,1255.36608,0.28,0.0011200000000000001,-0.07851168,-0.06169304602151479,8834.072877778355,6801.602227118284,9706.22615051329,9799.925640541904,-0.3059536902014516,-0.01681863397848521
2023-10-31,0.12674596103872,25,1414.93125,0.36,0.0014399999999999999,0.12530596103872,0.09719933913508845,9953.755934558463,7653.883530790438,10649.664917838894,9799.925640541904,-0.21898555034676737,0.028106621903631543
2023-11-30,0.17726728,25,1319.07405,0.36,0.0014399999999999999,0.17582728,0.11033953196099676,11718.2311748615,8999.645053446118,11824.743960414686,9799.925640541904,-0.08166190402354245,0.06548774803900324
2023-12-31,-0.09368531999999999,25,1355.89686,0.36,0.0014399999999999999,-0.09512531999999999,-0.029202599023331523,10620.404937410625,8143.5509378506395,11479.430703985134,9799.925640541904,-0.16901910927149366,-0.06592272097666846
2024-01-31,0.022274759999999998,25,1860.04434,0.48,0.0019199999999999998,0.02035476,0.05020191725256896,10856.971908494263,8309.310962738364,12055.720134293195,9799.925640541904,-0.1521046926761287,-0.029847157252568958
2024-02-29,0.008763680000000003,25,1837.6287,0.52,0.0020800000000000003,0.006683680000000003,0.03490525008662696,10952.118936069295,8364.8477382338,12476.528060555083,9799.925640541904,-0.14643763176847413,-0.028221570086626957
2024-03-31,-0.07728912,25,2069.71573,0.56,0.0022400000000000002,-0.07952912000000001,-0.06422715443592553,10105.639301365163,7699.598758678076,11675.196165985653,9799.925640541904,-0.21432069577904334,-0.015301965564074482
2024-04-30,0.07810852,25,1970.2207500000002,0.4,0.0016,0.07650852,0.036948032967032966,10894.97583084863,8288.683664298373,12106.571698823065,9799.925640541904,-0.15420953501846824,0.03956048703296703
2024-05-31,-0.01570044,25,2108.34,0.36,0.0014399999999999999,-0.01714044,-0.012718983471074377,10723.919916514942,8146.611979271485,11952.588413494359,9799.925640541904,-0.1687067557360563,-0.004421456528925623
2024-06-30,0.14459683999999998,25,1536.05256,0.48,0.0019199999999999998,0.14267683999999997,0.07617633933955141,12274.564848856064,9308.944833180087,12863.092844466695,9799.925640541904,-0.05010046253112865,0.06650050066044856
2024-07-31,-0.049292560000000006,25,1643.63472,0.28,0.0011200000000000001,-0.05041256000000001,-0.003033962962962964,11669.520124569937,8839.657093240705,12824.066697187429,9799.925640541904,-0.0979873299577505,-0.04737859703703705
2024-08-31,0.020143360000000006,25,1408.68156,0.28,0.0011200000000000001,0.019023360000000007,0.013139802749728572,11904.583469466394,9007.817072401976,12992.572404037834,9799.925640541904,-0.08082801821097552,0.005883557250271435
2024-09-30,0.0047243599999999995,25,1574.1044,0.24,9.599999999999999e-4,0.0037643599999999996,-0.005492745856353587,11960.825007426203,9041.725738676643,12921.207505802182,9799.925640541904,-0.07736792396960823,0.009257105856353587
2024-10-31,0.13672552,25,1609.992,0.31999999999999995,0.0012799999999999997,0.13544551999999999,0.09650022052883424,13596.175026195553,10266.386983049086,14168.106879610923,10266.386983049086,0,0.03894529947116575
2024-11-30,-0.05923424,25,1796.8414000000002,0.36,0.0014399999999999999,-0.06067424,-0.07190880387811634,12790.81593161188,9643.48175530669,13149.295260680788,10266.386983049086,-0.06067423999999999,0.01123456387811634
