n_side,min_cap,hold_mo,cost_bps,sector_neutral,n_months,ann_ret,ann_vol,sharpe,capm_a,capm_t,beta,ff6_a,ff6_t
25,100,1,20,FALSE,180,0.0640112705342224,0.30431424786963146,0.31470601743302673,-0.10872529836067701,-2.0279176380995656,1.520482973301197,-0.02376232326658203,-0.609820153024777
25,100,1,50,FALSE,180,-0.010018344918498068,0.30431424786963146,0.07810848542773963,-0.18072529836067716,-3.3708440052345297,1.520482973301197,-0.09576232326658217,-2.457579335710941
25,100,3,20,FALSE,178,0.07370833967722956,0.28943254476252633,0.34903056767353124,-0.09076434563437152,-1.8368895941281989,1.4812877238745763,-0.011717191215578952,-0.3472234581361608
25,100,3,50,FALSE,178,0.048282835416062486,0.28943254476252633,0.2661096922077419,-0.11476434563437146,-2.322601796986653,1.4812877238745763,-0.0357171912155789,-1.0584317026673211
25,100,6,20,FALSE,175,0.08926370375057724,0.2904727361513821,0.3981963210824251,-0.09505406238340923,-1.9023038950302855,1.5099198492525792,-0.009827941025690467,-0.30126536011124394
25,100,6,50,FALSE,175,0.07631090335930635,0.2904727361513821,0.35688435439324806,-0.10705406238340899,-2.1424582468588858,1.5099198492525792,-0.021827941025690193,-0.6691129399740727
25,100,12,20,FALSE,169,0.06309163259418593,0.2800062369679207,0.31516058311424633,-0.09831652224009571,-1.9856483354682994,1.4553203004778166,-0.01841462864301542,-0.5753630735133332
25,100,12,50,FALSE,169,0.05674184806379734,0.2800062369679207,0.2937324889940165,-0.10431652224009572,-2.106827255769358,1.4553203004778166,-0.024414628643015423,-0.7628324223665557
25,500,1,20,FALSE,180,0.05830861617957672,0.3030032073000645,0.29709733371247876,-0.1133979094925478,-2.1217614524034234,1.5124865258827684,-0.026959327900226166,-0.6985668811651359
25,500,1,50,FALSE,180,-0.01535434006944214,0.3030032073000645,0.05947608659248291,-0.18539790949254786,-3.468936415828001,1.5124865258827684,-0.09895932790022624,-2.5642222725025396
25,500,3,20,FALSE,178,0.07155554018930421,0.2885145077476902,0.34231636264441595,-0.0931150292328061,-1.9009498293054514,1.4820069150800494,-0.013747272670561216,-0.41281263116246164
25,500,3,50,FALSE,178,0.04617726465239791,0.2885145077476903,0.25913163759416546,-0.11711502923280606,-2.3909115065902724,1.4820069150800501,-0.03774727267056116,-1.1335012641242022
25,500,6,20,FALSE,175,0.08815824282748119,0.2897237567423033,0.39501792060701646,-0.09650664532330387,-1.9475381230288322,1.5115928909880996,-0.011450059767039228,-0.3536862443287744
25,500,6,50,FALSE,175,0.07521768986611344,0.2897237567423033,0.3535991562815441,-0.10850664532330367,-2.1897023532541495,1.5115928909880996,-0.023450059767039094,-0.7243598493839142
25,500,12,20,FALSE,169,0.06389367309773575,0.2800433651829757,0.317802219463853,-0.09811661635648482,-1.9897142222602442,1.4596229031175714,-0.017947677898662855,-0.5654150821022674
25,500,12,50,FALSE,169,0.057539506497959136,0.2800433651829757,0.29637696628536864,-0.10411661635648484,-2.1113886722859814,1.4596229031175714,-0.023947677898662884,-0.7544362196426492
25,2000,1,20,FALSE,180,0.09820562407328537,0.25496828283878314,0.44704734944800256,-0.07318719386214806,-1.8874187032172147,1.3916681538009401,-0.01620738611016177,-0.5139975236849692
25,2000,1,50,FALSE,180,0.02207791519033009,0.25496828283878314,0.16465928455474807,-0.14518719386214787,-3.744220958644618,1.3916681538009401,-0.08820738611016157,-2.79738988897911
25,2000,3,20,FALSE,178,0.11523493190878109,0.24895343873788978,0.5146172327242218,-0.04898366289000612,-1.31305985749833,1.3678595801729188,0.014784985621630886,0.5110822177783236
25,2000,3,50,FALSE,178,0.08893388200259977,0.24895343873788983,0.4182136637609974,-0.07298366289000607,-1.9564057144777063,1.3678595801729188,-0.009215014378369083,-0.31854139773160683
25,2000,6,20,FALSE,175,0.13139282599321023,0.24616835001092527,0.5758284886527641,-0.04938853626064038,-1.3246916245766587,1.369618666071959,0.014996826336299323,0.5208508702535164
25,2000,6,50,FALSE,175,0.11799560271920662,0.2461683500109252,0.5270813609270943,-0.06138853626064024,-1.6465537549104965,1.3696186660719591,0.0029968263362994585,0.10408199510066501
25,2000,12,20,FALSE,169,0.10419250616116571,0.23708359457514191,0.4845129483887845,-0.05515159438145174,-1.4985934963368286,1.3262832576723236,0.007282503973609728,0.26460527091496955
25,2000,12,50,FALSE,169,0.0976247943099926,0.23708359457514191,0.45920541915736673,-0.06115159438145164,-1.6616270600780936,1.3262832576723236,0.0012825039736098238,0.04659898746589255
50,100,1,20,FALSE,180,0.06855007800059099,0.2735757812930082,0.33448524330206364,-0.10491789735211764,-2.4104401294395505,1.460481008620961,-0.03285328590894031,-1.148487339279938
50,100,1,50,FALSE,180,-0.005718765219134947,0.2735757812930082,0.07130405211728631,-0.17691789735211794,-4.064606803569391,1.4604810086209612,-0.1048532859089406,-3.665468096010067
50,100,3,20,FALSE,178,0.081094563549017007,0.26669793360705535,0.3815296690510421,-0.08320053120041232,-1.9710105747939877,1.4285238040096928,-0.01106792357493611,-0.41658003679666106
50,100,3,50,FALSE,178,0.05552137358242337,0.26669793360705535,0.29154022040626604,-0.10720053120041242,-2.539567687501719,1.428523804009693,-0.03506792357493624,-1.3199040266515178
50,100,6,20,FALSE,175,0.10097902637381284,0.26445786301328345,0.4518395935803049,-0.08023619340540702,-1.8873273515128663,1.4311667641582262,-0.003535984001055623,-0.13821520006144777
50,100,6,50,FALSE,175,0.08790589746920285,0.26445786301328345,0.4064637448032267,-0.09223619340540705,-2.1695930879208976,1.4311667641582264,-0.015535984001055637,-0.6072734311626707
50,100,12,20,FALSE,169,0.07639583945864992,0.25922220132877544,0.36686998510510255,-0.08477165349254481,-1.9715655437005994,1.4031263740707332,-0.011175290293016261,-0.43247525973254236
50,100,12,50,FALSE,169,0.06997634874127012,0.25922220132877544,0.34372381950183273,-0.09077165349254478,-2.1111097518744297,1.4031263740707332,-0.017175290293016218,-0.664670709726072
50,500,1,20,FALSE,180,0.06207195879279581,0.2706859112097437,0.31319995952179036,-0.1093899830268216,-2.5363113351018733,1.4437057558800857,-0.035893095973336744,-1.2879946052457456
50,500,1,50,FALSE,180,-0.01177991799877487,0.2706859112097437,0.04720901940148976,-0.1813899830268217,-4.205700168287445,1.4437057558800857,-0.10789309597333685,-3.87165614412728
50,500,3,20,FALSE,178,0.07939746612520415,0.2666668203245929,0.37568973450847776,-0.08501946172243334,-2.020309562645304,1.4304527406112608,-0.012264284335293028,-0.4634857817064258
50,500,3,50,FALSE,178,0.05386105262549368,0.2666668203245929,0.28568978636799813,-0.1090194617224333,-2.5906193307991665,1.4304527406112606,-0.03626428433529297,-1.370481938746226
50,500,6,20,FALSE,175,0.10064109340962668,0.26396974505138504,0.45112491922619935,-0.08101171157111736,-1.9228346541558266,1.4337916117980696,-0.004001264125883729,-0.15795593614607983
50,500,6,50,FALSE,175,0.0875717283279498,0.26396974505138504,0.4056651639892344,-0.09301171157111737,-2.2076578655456274,1.4337916117980696,-0.016001264125883735,-0.6316740347568085
50,500,12,20,FALSE,169,0.0766450609876459,0.2591603990274371,0.3677910232171502,-0.08507062929960937,-1.9903160531286197,1.4071437123980617,-0.01124476991955508,-0.43947902023088786
50,500,12,50,FALSE,169,0.07022421784688015,0.2591603990274371,0.3446393379191013,-0.09107062929960932,-2.130692307743048,1.4071437123980617,-0.017244769919555033,-0.6739768481321669
50,2000,1,20,FALSE,180,0.09889029550383088,0.23645421981192966,0.46768627886115927,-0.07263740009288108,-2.314334752157966,1.3623262189779481,-0.02766112523424613,-1.1261451245673382
50,2000,1,50,FALSE,180,0.022740874859138227,0.23645421981192966,0.16318758961269852,-0.144637400092881,-4.608360996796426,1.3623262189779484,-0.099661125234246,-4.05742316485701
50,2000,3,20,FALSE,178,0.12169383586936755,0.2342694597333851,0.5576631792611172,-0.04433300832687315,-1.434556595038596,1.351462721865516,0.006039930361370774,0.2609109386725536
50,2000,3,50,FALSE,178,0.09525980961799796,0.2342694597333851,0.4552170472415461,-0.06833300832687306,-2.2111643548160047,1.3514627218655157,-0.01796006963862912,-0.7758332211922493
50,2000,6,20,FALSE,175,0.13676803348207067,0.22881079235922064,0.623528968352093,-0.04427296406654281,-1.4636290645262005,1.339550832042293,0.007723274646746105,0.35319361907373736
50,2000,6,50,FALSE,175,0.12331657671190821,0.22881079235922064,0.5710838897075481,-0.056272964066542766,-1.86033954336191,1.3395508320422933,-0.00427672535325386,-0.19557922958709403
50,2000,12,20,FALSE,169,0.1107659130806884,0.22015806450342057,0.5317765246803707,-0.04960112116579184,-1.6709178074258029,1.3001849063150561,0.0013989787910728057,0.06777165145084559
50,2000,12,50,FALSE,169,0.10416442630022238,0.22015806450342057,0.5045233781125475,-0.05560112116579184,-1.8730403927408519,1.3001849063150561,-0.0046010212089272,-0.22289030232563023
100,100,1,20,FALSE,180,0.07945473713953755,0.2520103268153965,0.3826097956067006,-0.09425009593466055,-2.629510324215362,1.4177038433251508,-0.03578756288246888,-1.6490257262076582
100,100,1,50,FALSE,180,0.004520388217556848,0.2520103268153965,0.0969072178201098,-0.16625009593466067,-4.638258872065721,1.4177038433251508,-0.10778756288246899,-4.9666546096517825
100,100,3,20,FALSE,178,0.09212696545423604,0.2478112204244328,0.4324534137706912,-0.07290381665568911,-2.0570996873824217,1.3908084366921412,-0.011194964251436401,-0.5437825059453396
100,100,3,50,FALSE,178,0.06632493190639477,0.24781122042443274,0.3356054988179521,-0.09690381665568919,-2.734298697831288,1.3908084366921412,-0.03519496425143647,-1.7095548880245117
100,100,6,20,FALSE,175,0.11539553450851514,0.24408522202194557,0.5218835703616961,-0.06585331482273059,-1.8588317772315486,1.3846526894863882,-0.0014780984380618708,-0.07573480451619582
100,100,6,50,FALSE,175,0.10217148817155519,0.24408522202194563,0.4727204137371582,-0.07785331482273036,-2.197554002328695,1.384652689486388,-0.013478098438061647,-0.6905907781048042
100,100,12,20,FALSE,169,0.09122312918046704,0.23859484096904537,0.43424144417320293,-0.06997369784074343,-1.945816197639368,1.3540520928079431,-0.007190791714536276,-0.3679014823866477
100,100,12,50,FALSE,169,0.08472561908248188,0.23859484096904537,0.40909421141816443,-0.07597369784074343,-2.112663135075884,1.3540520928079431,-0.013190791714536253,-0.6748786529056565
100,500,1,20,FALSE,180,0.07574652157542872,0.24987231512307334,0.37038885075376077,-0.09677955289816415,-2.7337866682899787,1.4077238465236004,-0.03826000041161229,-1.8271608436039408
100,500,1,50,FALSE,180,0.001050743622203365,0.24987231512307334,0.08224168261095646,-0.16877955289816418,-4.767611316395088,1.4077238465236004,-0.11026000041161235,-5.265623450090359
100,500,3,20,FALSE,178,0.09017946466491833,0.24711868892450958,0.42584398443364513,-0.07441115381525629,-2.1081896189428107,1.387522287876857,-0.012351987353915288,-0.6074736479693386
100,500,3,50,FALSE,178,0.06441987714183339,0.24711868892450953,0.32872466049885557,-0.09841115381525634,-2.7881488489830506,1.3875222878768572,-0.03635198735391536,-1.7877993019332605
100,500,6,20,FALSE,175,0.1159237392867285,0.2434404421069826,0.5246538324065223,-0.06536555628251875,-1.8590087552391008,1.3835788255625954,-8.286558559589479e-4,-0.043189576085822835
100,500,6,50,FALSE,175,0.10269409074285374,0.2434404421069826,0.4753604615264018,-0.07736555628251879,-2.200291019654485,1.3835788255625954,-0.01282865585595898,-0.6686300521325534
100,500,12,20,FALSE,169,0.09183865112390288,0.23805153312849883,0.43714869646340304,-0.06956751498867458,-1.9510996230782676,1.3544418629938049,-0.006888825763215843,-0.35826159374370314
100,500,12,50,FALSE,169,0.08533783465894529,0.23805153312849883,0.4119440698804638,-0.07556751498867455,-2.119376407729485,1.3544418629938049,-0.012888825763215796,-0.6702987443913833
100,2000,1,20,FALSE,180,0.07488364207031406,0.21647104969547457,0.38934617651475856,-0.08924598771243507,-3.5104257363282176,1.2902361696057127,-0.05096201880002951,-2.8659569170362493
100,2000,1,50,FALSE,180,2.871145711162981e-4,0.21647104969547457,0.05673818989812992,-0.161245987712435,-6.3424931434371485,1.2902361696057127,-0.1229620188000295,-6.915029204307773
100,2000,3,20,FALSE,178,0.10405041438846152,0.21739888823794026,0.5115940471411312,-0.05676288575839826,-2.2378738157908025,1.2974463935092015,-0.015247852287227833,-0.8732466344638805
100,2000,3,50,FALSE,178,0.07800482578189438,0.21739888823794026,0.40119789840953196,-0.08076288575839813,-3.184072566283902,1.2974463935092018,-0.03924785228722775,-2.247729993322767
100,2000,6,20,FALSE,175,0.12301434641982056,0.21387831637491478,0.5956823061379393,-0.053320166784709536,-2.1388837567999994,1.2949852068293133,-0.011207362843718663,-0.6724113489725573
100,2000,6,50,FALSE,175,0.10971519397025875,0.21387831637491478,0.5395756366849932,-0.06532016678470953,-2.6202514386610454,1.2949852068293133,-0.02320736284371865,-1.392378775760478
100,2000,12,20,FALSE,169,0.11054329060755919,0.20813274419284808,0.5502298037521581,-0.04846267594921931,-1.955252407094501,1.2713809508974616,-0.006618160664349922,-0.41596573963500366
100,2000,12,50,FALSE,169,0.1039441990456158,0.20813274419284808,0.521402047584966,-0.054462675949219254,-2.197325594610179,1.2713809508974616,-0.012618160664349875,-0.7930787419309604
150,100,1,20,FALSE,180,0.0869766096024347,0.23995161446505936,0.419694591347164,-0.0850750444652822,-2.6565578226545505,1.3813431092591018,-0.03238219634158387,-1.8389097676733226
150,100,1,50,FALSE,180,0.011577712224222658,0.23995161446505936,0.1196340972324878,-0.15707504446528217,-4.904833617669653,1.3813431092591015,-0.10438219634158385,-5.9276226479190255
150,100,3,20,FALSE,178,0.09789441118480391,0.23777575355761948,0.46357261629234797,-0.06650253666473868,-2.080084121004062,1.3649977410463654,-0.01091742213513956,-0.6367647536765515
150,100,3,50,FALSE,178,0.07197188179422542,0.23777575355761948,0.3626371775820923,-0.0905025366647386,-2.830762537314266,1.3649977410463654,-0.03491742213513949,-2.0365781802407183
150,100,6,20,FALSE,175,0.11896292539845699,0.23409215251153584,0.5480959020351266,-0.06130703749063897,-1.92038477156516,1.3586747298233945,-0.0037962700807815304,-0.23311094564862284
150,100,6,50,FALSE,175,0.10570259606392085,0.23409215251153584,0.4968340384004256,-0.07330703749063888,-2.296273384064181,1.3586747298233945,-0.015796270080781466,-0.969974047656259
150,100,12,20,FALSE,169,0.09675858754249389,0.22932913902988578,0.4648247669304626,-0.06454915225740894,-1.9934408842692177,1.3350617443913775,-0.00821659227200144,-0.5080751753144966
150,100,12,50,FALSE,169,0.09023200376918572,0.22932913902988578,0.4386614977297787,-0.07054915225740888,-2.1787360413290435,1.3350617443913777,-0.014216592272001371,-0.8790867761060722
150,500,1,20,FALSE,180,0.08456949568076677,0.23876160698269852,0.4115037403759831,-0.08689473630332728,-2.740461133559772,1.376618647528166,-0.03412731898859955,-1.989309244893149
150,500,1,50,FALSE,180,0.00932517850855663,0.23876160698269847,0.10994772008492629,-0.15889473630332734,-5.011176369147045,1.376618647528166,-0.10612731898859959,-6.1862479402578145
150,500,3,20,FALSE,178,0.09753830204752756,0.2374284879633033,0.46259242244140863,-0.0670737569898856,-2.11716053970042,1.3663687840853376,-0.011919137134162157,-0.7028358422615233
150,500,3,50,FALSE,178,0.07162360386745603,0.2374284879633033,0.36150935441585064,-0.09107375698988558,-2.87471245319279,1.3663687840853378,-0.03591913713416216,-2.1180440091287376
150,500,6,20,FALSE,175,0.11944558335489175,0.2334542284418536,0.5509045669138407,-0.060912148217442806,-1.9268054234044574,1.3580381553613163,-0.00370674370404168,-0.23086602552381458
150,500,6,50,FALSE,175,0.10618013477137489,0.2334542284418536,0.4995026279552202,-0.07291214821744277,-2.306395796712491,1.3580381553613163,-0.015706743704041667,-0.978258488419226
150,500,12,20,FALSE,169,0.09740134016103763,0.2286121371390909,0.4682244058836129,-0.0639910279684983,-1.9967590405396427,1.3341708624054327,-0.008214586540349691,-0.5151856678457963
150,500,12,50,FALSE,169,0.09087132212193638,0.2286121371390909,0.4419790801756891,-0.06999102796849827,-2.183981446923482,1.3341708624054327,-0.014214586540349673,-0.8914814183246974
150,2000,1,20,FALSE,180,0.07703327554765571,0.20817110053806662,0.40642699827356366,-0.08434074546783131,-3.641432339017741,1.2561745389126244,-0.049043719857661816,-3.2578667398364485
150,2000,1,50,FALSE,180,0.0023095487323336883,0.20817110053806662,0.06055766379870495,-0.15634074546783128,-6.75004997044806,1.2561745389126244,-0.1210437198576618,-8.040668818247296
150,2000,3,20,FALSE,178,0.1047278093983004,0.20903347133212188,0.5270585470854491,-0.053055623758245324,-2.279855511126795,1.2607252129757467,-0.016185927363239434,-1.0797041188297336
150,2000,3,50,FALSE,178,0.07867094594537116,0.20903347133212188,0.41224439867632806,-0.07705562375824526,-3.3111605527255104,1.2607252129757467,-0.04018592736323936,-2.6806564937159227
150,2000,6,20,FALSE,175,0.12403730269496793,0.20558765191982722,0.6163675776366186,-0.04853670267832315,-2.1079934535836036,1.2557937178461491,-0.010757522351850051,-0.7471915821729626
150,2000,6,50,FALSE,175,0.11072868611889364,0.20558765191982725,0.5579983132963671,-0.0605367026783233,-2.6291644447539806,1.2557937178461491,-0.02275752235185024,-1.5806826680207828
150,2000,12,20,FALSE,169,0.11256292744968599,0.2005477723492347,0.5730764090751389,-0.043718997476158795,-1.9156556112152292,1.237562539448826,-0.006704322312046901,-0.4863757919934027
150,2000,12,50,FALSE,169,0.10595355247818006,0.2005477723492347,0.5431583505012867,-0.04971899747615863,-2.178560397025082,1.2375625394488259,-0.012704322312046748,-0.9216553946337129
300,100,1,20,FALSE,180,0.08448753170463164,0.22012739693634434,0.42732138094999017,-0.08106243368646451,-3.0256163188623506,1.3021283106738597,-0.03757258927276496,-3.071081927758032
300,100,1,50,FALSE,180,0.009272945868739502,0.22012739693634434,0.10023806010001587,-0.15306243368646433,-5.712981662477287,1.3021283106738593,-0.10957258927276481,-8.956167387089373
300,100,3,20,FALSE,178,0.1016410781867374,0.21954240608727416,0.4995116949774084,-0.05843398682296621,-2.1876877789186313,1.2983355699406804,-0.013452660628784177,-1.1009476963770777
300,100,3,50,FALSE,178,0.07564577161933639,0.2195424060872741,0.3901934068720147,-0.0824339868229661,-3.0862146388625966,1.2983355699406807,-0.03745266062878409,-3.0650754954916977
300,100,6,20,FALSE,175,0.121226488870809,0.21623935315654919,0.5850996500424305,-0.053434256900737304,-1.9819059258832026,1.289483002598281,-0.0066847648742000545,-0.5692964734033457
300,100,6,50,FALSE,175,0.10794564519712924,0.21623935315654919,0.5296055883703519,-0.06543425690073745,-2.4269925143386053,1.2894830025982809,-0.01868476487420021,-1.5912557807840328
300,100,12,20,FALSE,169,0.10439144048705695,0.21257844047092575,0.5178336635359395,-0.05339693232190816,-1.9549101451583162,1.2752320646769597,-0.007146957043425422,-0.6214519984571355
300,100,12,50,FALSE,169,0.097825068929426,0.21257844047092575,0.48960878811250463,-0.059396932321908215,-2.1745755896119023,1.27523206467696,-0.01314695704342551,-1.1431722170182583
300,500,1,20,FALSE,180,0.08246840766136576,0.21901903396449385,0.4200200757833614,-0.08226650015425953,-3.0874690791460173,1.2956693620354762,-0.03879401124826494,-3.2372954594889634
300,500,1,50,FALSE,180,0.007383543243363322,0.21901903396449385,0.09128152417568601,-0.1542665001542595,-5.789635492955749,1.2956693620354764,-0.1107940112482649,-9.245575232146656
300,500,3,20,FALSE,178,0.10080728818117834,0.21918074107383334,0.496552883261256,-0.05907365762336418,-2.220040029653157,1.29687193471695,-0.014066367125828913,-1.1592208808777826
300,500,3,50,FALSE,178,0.074830153328314,0.21918074107383334,0.38705421160599696,-0.0830736576233641,-3.1219811461382556,1.29687193471695,-0.03806636712582884,-3.1370806148229256
300,500,6,20,FALSE,175,0.12113434429893832,0.21578838704806974,0.5855369999308789,-0.053405554528408006,-1.9927873618933232,1.2880628798799527,-0.006721668389023329,-0.5787809225775683
300,500,6,50,FALSE,175,0.10785458788465019,0.21578838704806974,0.529926963801702,-0.06540555452840817,-2.440558170639442,1.288062879879953,-0.018721668389023494,-1.6120617494438416
300,500,12,20,FALSE,169,0.1048404627384063,0.21223528993445231,0.5202968958659734,-0.05297508542958189,-1.950936568642204,1.2746333087723856,-0.006921909037222999,-0.6085888598773782
300,500,12,50,FALSE,169,0.0982716754125812,0.21223528993445231,0.4920263853309296,-0.05897508542958187,-2.1719011846863463,1.2746333087723856,-0.01292190903722298,-1.1361215303629202
300,2000,1,20,FALSE,180,0.07614741252904511,0.19311044940102587,0.4183448408203051,-0.07855178543951064,-3.982181382215371,1.1847319246672974,-0.05139691056076892,-4.27544330150494
300,2000,1,50,FALSE,180,0.0014984474152195393,0.1931104494010259,0.045501215717035644,-0.1505517854395107,-7.632220116730138,1.1847319246672974,-0.12339691056076899,-10.264751109109293
300,2000,3,20,FALSE,178,0.10550252460016263,0.19438402339563465,0.5554339492128955,-0.046242699193608475,-2.3175509734618527,1.1910705946819622,-0.01791615899080284,-1.464917879086217
300,2000,3,50,FALSE,178,0.07943519234839935,0.19438402339563465,0.43196701206059573,-0.07024269919360848,-3.5203618891960344,1.1910705946819624,-0.041916158990802796,-3.427282084277593
300,2000,6,20,FALSE,175,0.12804692345666346,0.19110618682451208,0.6671903398292363,-0.03783518296839267,-1.907690057840498,1.1847481133049556,-0.009173494124353037,-0.7776798223319352
300,2000,6,50,FALSE,175,0.11469787672961185,0.19110618682451208,0.6043980242093381,-0.04983518296839262,-2.512742786492822,1.1847481133049556,-0.021173494124353025,-1.7949757121509493
300,2000,12,20,FALSE,169,0.11694505939670474,0.18756881128984637,0.6208791713767918,-0.0340359466191088,-1.7132603422331178,1.1739505553967935,-0.005609578560400145,-0.4989734879036182
300,2000,12,50,FALSE,169,0.11031314050677588,0.18756881128984637,0.5888909108619437,-0.04003594661910878,-2.0152810901334397,1.1739505553967935,-0.011609578560400124,-1.0326750655152062
